Age (Kyr ago),Rescaled MST (°C),BIT index,,Gasage (yr BP) ,CO2 (ppmv),,Age (ka BP),δ18O,,EDC3 Age (kyr),GLT_syn,,age_calkaBP,d18O_benthic
-0.04,23.43,0.51,,-48.00,361.78,,-0.017,-9.50,,5.00,-35.79,,0,3.23
0.08,23.38,0.65,,-46.28,359.65,,0.000,-9.66,,5.05,-35.76,,1,3.23
0.14,22.91,0.48,,-44.41,357.11,,0.020,-9.58,,5.10,-35.63,,2,3.18
0.31,23.31,0.61,,-43.08,353.95,,0.038,-9.50,,5.15,-35.63,,3,3.29
0.41,23.8,0.59,,-42.31,353.72,,0.056,-9.33,,5.20,-35.64,,4,3.3
0.56,23.73,0.53,,-41.13,352.42,,0.159,-9.35,,5.25,-35.69,,5,3.26
0.66,23.83,0.65,,-39.97,350.81,,0.391,-9.61,,5.30,-35.73,,6,3.33
0.81,24.04,0.63,,-39.41,349.80,,0.403,-8.98,,5.35,-35.80,,7,3.37
1,23.91,0.71,,-38.97,349.28,,0.415,-9.22,,5.40,-35.89,,8,3.42
1.15,23.98,0.66,,-38.07,347.60,,0.428,-9.25,,5.45,-35.58,,9,3.38
1.31,23.81,0.76,,-37.21,345.44,,0.440,-9.13,,5.50,-35.49,,10,3.52
1.46,23.9,0.72,,-36.62,344.72,,0.452,-9.22,,5.55,-35.21,,11,3.6
1.63,23.77,0.61,,-36.14,343.97,,0.464,-9.06,,5.60,-35.32,,12,3.92
1.85,23.78,0.53,,-35.76,343.11,,0.476,-9.34,,5.65,-35.37,,13,4.06
2.05,23.59,0.66,,-34.92,342.05,,0.488,-9.12,,5.70,-35.38,,14,4.28
2.23,23.64,0.68,,-33.08,341.33,,0.500,-9.32,,5.75,-35.47,,15,4.49
2.37,23.63,0.84,,-33.03,339.46,,0.513,-9.17,,5.80,-35.62,,16,4.75
2.51,23.81,0.8,,-29.14,334.85,,0.525,-9.18,,5.85,-35.76,,17,4.88
2.64,23.5,0.65,,-26.80,335.55,,0.537,-9.35,,5.90,-35.91,,18,5.02
2.77,23.4,0.7,,-26.67,332.37,,0.549,-9.19,,5.95,-35.95,,19,4.96
2.93,23.27,0.61,,-25.57,332.37,,0.561,-9.64,,6.00,-35.91,,20,4.99
3.1,23.27,0.63,,-24.13,331.55,,0.573,-9.50,,6.05,-35.87,,21,4.91
3.27,23.59,0.65,,-22.09,328.42,,0.586,-9.53,,6.10,-35.93,,22,4.88
3.49,22.94,0.69,,-22.04,330.35,,0.610,-9.50,,6.15,-36.14,,23,4.86
3.69,23.14,0.74,,-20.87,326.31,,0.634,-9.57,,6.20,-36.14,,24,4.81
3.84,23.57,0.77,,-20.66,326.65,,0.646,-9.39,,6.25,-36.29,,25,4.82
4.02,23.62,0.78,,-20.64,324.91,,0.659,-9.64,,6.30,-36.19,,26,4.67
4.29,24.13,0.71,,-20.22,324.56,,0.671,-9.28,,6.35,-36.16,,27,4.75
4.38,24.21,0.75,,-19.42,324.71,,0.683,-9.38,,6.40,-36.05,,28,4.75
4.6,23.85,0.57,,-18.98,325.08,,0.695,-8.73,,6.45,-36.02,,29,4.73
4.74,24.1,0.53,,-18.81,324.09,,0.707,-9.54,,6.50,-36.22,,30,4.62
4.87,24.44,0.51,,-18.54,320.38,,0.732,-9.20,,6.55,-36.24,,31,4.62
5.03,24.4,0.54,,-16.79,320.49,,0.792,-8.66,,6.60,-36.13,,32,4.6
5.19,24.49,0.46,,-16.55,322.17,,0.853,-9.13,,6.65,-35.87,,33,4.58
5.37,25.01,0.55,,-15.87,320.98,,0.914,-9.21,,6.70,-35.89,,34,4.59
5.54,25.08,0.6,,-15.30,319.20,,0.959,-9.37,,6.75,-36.09,,35,4.54
5.71,24.15,0.54,,-15.23,319.89,,1.003,-9.16,,6.80,-35.98,,36,4.45
5.85,24.81,0.74,,-13.56,319.12,,1.024,-9.05,,6.85,-35.84,,37,4.46
6.03,24.04,0.5,,-13.20,319.07,,1.045,-8.81,,6.90,-35.95,,38,4.41
6.19,24.34,0.36,,-12.62,318.61,,1.065,-9.06,,6.95,-36.03,,39,4.55
6.37,24.66,0.46,,-12.54,317.45,,1.086,-9.16,,7.00,-35.98,,40,4.55
6.58,23.95,0.7,,-12.40,319.14,,1.107,-9.51,,7.05,-35.95,,41,4.51
6.78,24.31,0.56,,-12.32,317.52,,1.128,-9.33,,7.10,-35.83,,42,4.5
6.96,24,0.5,,-11.72,316.59,,1.148,-9.21,,7.15,-35.85,,43,4.46
7.21,23.53,0.44,,-10.57,318.21,,1.169,-9.34,,7.20,-35.37,,44,4.48
7.39,24.98,0.5,,-10.31,313.09,,1.190,-9.08,,7.25,-35.14,,45,4.33
7.55,24.59,0.62,,-9.09,311.98,,1.211,-9.34,,7.30,-35.08,,46,4.36
7.72,24.56,0.61,,-8.56,316.33,,1.232,-9.23,,7.35,-35.45,,47,4.38
8.38,24.63,0.58,,-8.10,316.10,,1.252,-9.00,,7.40,-35.44,,48,4.45
8.9,23.84,0.65,,-7.87,314.57,,1.273,-9.33,,7.45,-35.22,,49,4.46
9.44,23.53,0.99,,-7.26,315.27,,1.294,-8.91,,7.50,-35.35,,50,4.34
9.73,23.29,1,,-7.20,316.33,,1.328,-9.14,,7.55,-35.56,,51,4.33
10.02,22.67,0.99,,-7.10,314.44,,1.361,-9.37,,7.60,-35.69,,52,4.31
10.23,22.79,0.92,,-6.16,315.34,,1.395,-9.31,,7.65,-35.69,,53,4.44
10.36,22.77,0.94,,-4.80,314.71,,1.429,-9.29,,7.70,-35.91,,54,4.38
10.53,22.56,0.97,,-3.79,313.17,,1.494,-9.14,,7.75,-35.99,,55,4.31
10.71,22.55,0.99,,-3.71,312.80,,1.582,-9.29,,7.80,-36.25,,56,4.35
10.89,22.42,0.99,,-3.56,312.22,,1.669,-9.20,,7.85,-36.22,,57,4.43
11.07,21.99,0.98,,-2.38,312.18,,1.756,-8.88,,7.90,-36.38,,58,4.49
11.23,22.96,0.99,,-0.25,312.00,,1.843,-9.38,,7.95,-36.55,,59,4.43
11.39,22.43,0.98,,0.33,313.66,,2.070,-8.53,,8.00,-36.53,,60,4.6
11.65,21.69,0.87,,1.23,309.69,,2.088,-9.21,,8.05,-36.28,,61,4.51
11.89,21.17,0.45,,2.29,311.57,,2.108,-8.96,,8.10,-36.13,,62,4.6
12.08,21.91,0.42,,3.34,310.36,,2.127,-8.95,,8.15,-36.21,,63,4.53
12.3,21.46,0.36,,3.37,312.87,,2.147,-8.79,,8.20,-35.84,,64,4.36
12.51,21.43,0.37,,4.38,312.56,,2.166,-8.88,,8.25,-35.60,,65,4.48
12.7,22.16,0.28,,4.44,311.97,,2.186,-8.74,,8.30,-35.32,,66,4.57
12.89,21.54,0.93,,4.61,311.81,,2.206,-8.94,,8.35,-35.21,,67,4.44
13.12,21.05,0.57,,5.04,310.44,,2.225,-9.35,,8.40,-34.86,,68,4.42
13.36,21.32,0.77,,5.24,311.28,,2.245,-9.21,,8.45,-34.77,,69,4.47
13.57,20.92,0.65,,5.49,310.22,,2.264,-9.00,,8.50,-34.69,,70,4.32
13.87,21.3,0.7,,6.43,312.36,,2.284,-9.36,,8.55,-34.46,,71,4.22
14.11,20.99,0.52,,7.79,311.88,,2.304,-9.31,,8.60,-34.57,,72,4.21
14.35,20.27,0.42,,7.96,312.84,,2.323,-9.26,,8.65,-34.48,,73,4.23
14.62,20.36,0.52,,8.22,312.39,,2.343,-9.26,,8.70,-34.42,,74,4.03
14.94,20.42,0.51,,9.16,311.80,,2.362,-9.16,,8.75,-34.28,,75,3.95
15.25,20.6,0.43,,9.25,307.74,,2.382,-9.20,,8.80,-34.33,,,
15.51,20.61,0.44,,10.03,309.80,,2.401,-8.81,,8.85,-34.19,,,
15.74,21.24,0.53,,10.41,310.95,,2.421,-8.60,,8.90,-34.35,,,
15.93,21.56,0.46,,10.78,311.21,,2.441,-9.71,,8.95,-34.38,,,
16.12,21.5,0.36,,11.03,310.46,,2.460,-8.36,,9.00,-34.42,,,
16.29,21.55,0.37,,11.84,308.48,,2.480,-8.35,,9.05,-34.34,,,
16.45,21.35,0.37,,11.87,311.94,,2.499,-8.24,,9.10,-34.37,,,
16.62,21.31,0.35,,12.13,311.52,,2.627,-9.39,,9.15,-34.28,,,
16.78,21.15,0.37,,12.23,312.33,,2.653,-9.09,,9.20,-34.18,,,
16.95,20.86,0.3,,13.14,307.41,,2.678,-9.27,,9.25,-34.45,,,
17.1,20.46,0.33,,14.13,309.34,,2.704,-9.02,,9.30,-34.30,,,
17.27,20.87,0.33,,14.29,307.26,,2.730,-8.48,,9.35,-34.30,,,
17.42,20.78,0.29,,14.94,306.32,,2.756,-8.30,,9.40,-34.39,,,
17.58,20.52,0.34,,16.12,309.63,,2.781,-8.96,,9.45,-34.54,,,
17.74,20.61,0.37,,16.41,307.08,,2.833,-9.43,,9.50,-34.56,,,
17.9,20.83,0.34,,17.22,305.94,,2.897,-9.51,,9.55,-34.65,,,
18.05,20.75,0.33,,17.46,308.28,,2.961,-8.99,,9.60,-34.75,,,
18.19,20.71,0.38,,17.71,308.26,,3.025,-9.01,,9.65,-34.87,,,
18.32,21.11,0.33,,19.17,305.74,,3.090,-8.72,,9.70,-35.07,,,
18.46,21.05,0.35,,20.61,305.38,,3.154,-8.83,,9.75,-35.37,,,
18.6,20.96,0.34,,21.26,305.78,,3.218,-9.04,,9.80,-35.47,,,
18.74,21.54,0.29,,21.46,305.71,,3.330,-8.88,,9.85,-35.42,,,
18.87,20.91,0.36,,21.84,305.67,,3.443,-9.05,,9.90,-35.54,,,
19.01,20.64,0.34,,22.20,308.02,,3.556,-10.19,,9.95,-35.52,,,
19.15,20.69,0.28,,24.69,304.97,,3.631,-9.87,,10.00,-35.59,,,
19.29,21.18,0.27,,25.25,304.72,,3.649,-9.70,,10.05,-35.81,,,
19.42,20.98,0.36,,27.16,306.20,,3.667,-9.34,,10.10,-35.92,,,
19.55,20.59,0.31,,27.49,303.18,,3.685,-9.45,,10.15,-36.07,,,
19.72,21.1,0.34,,30.29,301.88,,3.703,-9.33,,10.20,-36.26,,,
19.92,21.1,0.34,,31.33,304.61,,3.721,-9.40,,10.25,-36.26,,,
20.33,21.47,0.33,,32.13,303.85,,3.739,-9.62,,10.30,-36.39,,,
20.51,22.12,0.33,,34.21,301.92,,3.757,-9.89,,10.35,-36.27,,,
20.71,21.23,0.36,,35.61,300.70,,3.775,-9.68,,10.40,-36.25,,,
20.9,21.53,0.3,,37.48,301.30,,3.793,-9.68,,10.45,-36.17,,,
20.98,21.83,0.48,,38.71,299.26,,3.811,-9.76,,10.50,-36.37,,,
21.05,21.98,0.37,,38.90,297.73,,3.829,-10.08,,10.55,-36.66,,,
21.13,21.96,0.51,,39.28,298.11,,3.847,-9.64,,10.60,-36.71,,,
21.21,21.95,0.62,,40.24,297.87,,3.865,-9.60,,10.65,-36.54,,,
21.3,21.95,0.41,,41.48,301.50,,3.883,-10.06,,10.70,-36.76,,,
21.39,21.58,0.49,,44.23,299.63,,3.901,-9.48,,10.75,-36.61,,,
21.48,21.85,0.76,,44.46,297.33,,3.919,-9.65,,10.80,-36.38,,,
21.58,21.81,0.44,,44.65,299.02,,3.937,-9.75,,10.85,-36.36,,,
21.67,21.94,0.42,,46.09,295.99,,3.955,-9.85,,10.90,-36.29,,,
21.77,21.78,0.75,,48.30,295.61,,3.973,-9.76,,10.95,-36.40,,,
21.87,22.2,0.33,,49.82,294.22,,3.991,-9.80,,11.00,-36.21,,,
22,22.26,0.55,,51.06,297.05,,4.009,-9.75,,11.05,-36.42,,,
22.15,21.95,0.63,,51.34,295.28,,4.030,-9.81,,11.10,-36.35,,,
22.3,22.03,0.46,,56.24,293.81,,4.118,-9.71,,11.15,-36.43,,,
22.45,21.29,0.43,,56.34,293.17,,4.126,-9.74,,11.20,-36.55,,,
22.6,21.81,0.72,,56.94,295.32,,4.135,-9.98,,11.25,-36.78,,,
22.73,22.43,0.37,,57.12,294.86,,4.143,-9.88,,11.30,-36.90,,,
22.9,22.08,0.78,,57.61,295.17,,4.152,-9.30,,11.35,-37.46,,,
23.02,22.57,0.99,,60.13,290.92,,4.175,-9.55,,11.40,-37.54,,,
23.15,22.15,0.83,,60.99,292.34,,4.199,-10.07,,11.45,-37.99,,,
23.29,22.5,0.99,,62.61,294.34,,4.222,-10.01,,11.50,-38.69,,,
23.41,22.4,0.6,,64.40,288.12,,4.246,-9.52,,11.55,-38.94,,,
23.6,22.44,0.78,,65.82,289.23,,4.273,-9.78,,11.60,-39.22,,,
23.74,22.43,0.99,,66.21,289.76,,4.305,-10.11,,11.65,-39.66,,,
23.88,22.34,0.73,,67.08,292.46,,4.338,-10.22,,11.70,-40.27,,,
24.17,22.32,0.31,,70.05,287.77,,4.370,-10.19,,11.75,-40.54,,,
24.32,22.47,0.99,,73.09,289.33,,4.402,-9.90,,11.80,-41.03,,,
24.51,22.3,0.77,,76.26,291.56,,4.435,-10.09,,11.85,-41.28,,,
24.69,22.09,0.72,,77.17,286.66,,4.467,-10.10,,11.90,-41.51,,,
24.87,21.61,0.63,,79.96,286.33,,4.499,-9.17,,11.95,-41.58,,,
24.99,22.61,0.98,,80.34,287.99,,4.532,-10.08,,12.00,-41.79,,,
25.18,21.8,0.67,,81.59,289.54,,4.564,-10.06,,12.05,-41.71,,,
25.38,22.1,0.75,,82.27,287.99,,4.597,-10.10,,12.10,-41.84,,,
25.58,21.6,0.43,,83.26,285.05,,4.629,-9.47,,12.15,-41.59,,,
26.15,22.9,0.99,,85.87,286.65,,4.680,-9.58,,12.20,-41.22,,,
26.34,22.83,0.99,,87.02,285.35,,4.731,-10.13,,12.25,-41.24,,,
26.55,22.8,0.83,,88.17,287.17,,4.781,-10.10,,12.30,-41.23,,,
26.75,22.74,0.88,,91.16,286.63,,4.832,-9.90,,12.35,-40.77,,,
27.15,22.74,0.99,,93.38,283.16,,4.883,-10.27,,12.40,-40.38,,,
27.35,23.14,0.99,,95.28,285.57,,4.934,-9.95,,12.45,-40.29,,,
27.55,22.73,0.99,,96.29,288.05,,4.984,-10.03,,12.50,-39.85,,,
27.75,23.1,0.99,,98.89,285.47,,5.010,-9.90,,12.55,-39.49,,,
27.95,23.21,0.99,,99.17,288.79,,5.035,-10.03,,12.60,-38.88,,,
28.15,22.75,0.99,,99.74,284.00,,5.060,-9.78,,12.65,-38.44,,,
28.35,22.51,0.94,,102.68,286.84,,5.086,-9.72,,12.70,-38.20,,,
28.55,22.85,0.9,,104.10,283.62,,5.111,-10.00,,12.75,-38.02,,,
28.75,22.83,0.99,,105.35,283.18,,5.137,-9.65,,12.80,-37.56,,,
28.97,22.75,0.93,,105.54,283.53,,5.162,-9.42,,12.85,-37.34,,,
29.17,23.56,0.99,,106.71,281.58,,5.177,-9.37,,12.90,-37.30,,,
29.38,22.58,0.77,,109.17,283.65,,5.190,-10.07,,12.95,-37.09,,,
29.58,23.16,0.5,,113.30,284.15,,5.203,-10.04,,13.00,-36.88,,,
29.77,22.66,0.99,,116.82,283.82,,5.216,-9.48,,13.05,-37.00,,,
29.97,22.79,0.74,,117.13,285.09,,5.229,-10.09,,13.10,-36.82,,,
30.17,23.63,0.77,,123.08,285.91,,5.242,-10.25,,13.15,-36.50,,,
30.36,22.96,0.71,,125.26,281.36,,5.254,-10.00,,13.20,-36.65,,,
30.75,22.64,0.99,,136.34,284.43,,5.267,-9.98,,13.25,-36.69,,,
30.95,22.9,1,,150.66,282.80,,5.280,-10.17,,13.30,-36.81,,,
31.15,22.92,1,,153.53,280.40,,5.293,-9.75,,13.35,-36.85,,,
31.35,23.25,1,,154.06,282.30,,5.306,-10.09,,13.40,-36.67,,,
31.55,23.26,0.99,,155.90,281.62,,5.319,-9.95,,13.45,-36.42,,,
31.75,23.06,0.99,,169.70,273.07,,5.332,-10.05,,13.50,-36.47,,,
31.95,23.2,0.99,,170.51,280.24,,5.344,-10.10,,13.55,-36.46,,,
32.14,22.5,1,,176.54,277.86,,5.357,-10.19,,13.60,-36.12,,,
32.34,22.75,0.99,,186.30,276.40,,5.370,-10.06,,13.65,-35.75,,,
32.54,22.31,0.99,,187.12,277.16,,5.383,-10.25,,13.70,-35.56,,,
32.74,22.29,0.86,,197.87,278.00,,5.389,-10.15,,13.75,-35.45,,,
32.94,22.49,1,,198.07,276.46,,5.396,-10.26,,13.80,-35.57,,,
33.1,22.74,0.99,,200.88,277.60,,5.405,-10.30,,13.85,-35.71,,,
33.34,22.62,0.99,,208.74,276.81,,5.414,-10.16,,13.90,-35.62,,,
33.51,21.97,0.9,,216.13,278.31,,5.421,-10.12,,13.95,-35.84,,,
33.69,21.81,0.83,,226.99,277.01,,5.427,-10.33,,14.00,-36.22,,,
34.28,22.4,0.99,,227.14,278.27,,5.434,-10.26,,14.05,-36.47,,,
34.48,22.32,0.93,,255.93,277.36,,5.440,-9.72,,14.10,-36.60,,,
34.69,22.52,0.99,,260.26,276.32,,5.453,-9.91,,14.15,-36.93,,,
34.89,23.1,0.99,,268.11,276.66,,5.459,-10.29,,14.20,-37.23,,,
35.09,23.08,0.99,,300.90,278.02,,5.466,-10.51,,14.25,-37.63,,,
35.29,22.9,0.99,,310.19,276.69,,5.472,-9.65,,14.30,-38.30,,,
35.49,21.82,0.59,,321.40,273.78,,5.479,-9.88,,14.35,-38.99,,,
35.69,22.33,0.94,,340.54,271.11,,5.485,-10.41,,14.40,-39.36,,,
35.89,22.66,0.99,,346.58,275.07,,5.492,-10.33,,14.45,-39.51,,,
36.1,21.85,0.83,,359.01,279.36,,5.498,-10.53,,14.50,-39.72,,,
36.26,22.3,0.93,,361.82,281.11,,5.505,-10.09,,14.55,-39.99,,,
36.49,22.28,0.98,,376.99,282.57,,5.511,-10.19,,14.60,-40.17,,,
36.71,22.72,0.99,,390.14,281.83,,5.518,-10.06,,14.65,-40.11,,,
36.91,22.04,0.35,,400.35,283.53,,5.524,-10.36,,14.70,-40.04,,,
37.1,22.06,0.83,,420.32,283.95,,5.531,-10.45,,14.75,-40.00,,,
37.31,22.42,0.93,,448.47,283.12,,5.537,-9.98,,14.80,-40.29,,,
37.51,22.55,0.56,,480.60,280.31,,5.544,-10.51,,14.85,-40.46,,,
37.7,22.59,0.63,,500.84,282.23,,5.550,-10.27,,14.90,-40.56,,,
37.9,23,0.99,,521.20,279.73,,5.557,-10.16,,14.95,-40.49,,,
38.1,22.84,0.99,,539.14,279.70,,5.563,-10.11,,15.00,-40.36,,,
38.3,22.33,0.99,,559.67,280.91,,5.570,-10.24,,15.05,-40.14,,,
38.51,23.38,0.98,,601.15,278.36,,5.576,-10.57,,15.10,-40.27,,,
38.7,23.12,0.88,,619.88,284.07,,5.595,-10.02,,15.15,-40.45,,,
38.91,22.63,0.78,,642.55,281.58,,5.621,-10.42,,15.20,-40.51,,,
39.09,22.74,0.88,,671.80,278.43,,5.647,-10.77,,15.25,-40.37,,,
39.29,23.08,0.99,,690.49,282.20,,5.673,-10.77,,15.30,-40.37,,,
39.5,22.7,0.99,,698.73,282.41,,5.699,-10.64,,15.35,-40.50,,,
39.86,22.95,0.99,,739.05,283.69,,5.725,-10.17,,15.40,-40.46,,,
40.08,22.76,0.96,,750.19,284.54,,5.751,-10.88,,15.45,-40.57,,,
40.29,22.45,1,,784.02,283.97,,5.782,-10.39,,15.50,-40.50,,,
40.48,22.68,0.99,,803.71,284.51,,5.826,-10.55,,15.55,-40.48,,,
40.68,22.4,1,,834.39,282.84,,5.870,-10.38,,15.60,-40.38,,,
40.88,22.56,1,,850.59,283.09,,5.913,-10.66,,15.65,-40.49,,,
41.08,22.7,0.99,,879.80,282.84,,5.957,-10.31,,15.70,-40.55,,,
41.28,22.35,0.99,,900.82,280.97,,6.001,-10.41,,15.75,-40.74,,,
41.47,22.76,0.99,,909.92,280.92,,6.044,-10.56,,15.80,-40.80,,,
41.67,22.6,0.99,,930.73,280.06,,6.088,-10.49,,15.85,-40.83,,,
41.87,22.26,0.99,,932.42,279.80,,6.132,-10.66,,15.90,-40.78,,,
42.08,22.63,0.99,,967.35,278.74,,6.175,-10.42,,15.95,-41.00,,,
42.28,22.61,0.99,,992.35,277.41,,6.219,-10.36,,16.00,-41.11,,,
42.48,22.39,0.99,,1035.87,280.11,,6.263,-10.63,,16.05,-41.14,,,
42.68,22.47,1,,1074.59,279.42,,6.307,-10.47,,16.10,-41.37,,,
42.86,22.7,1,,1127.67,278.62,,6.344,-10.42,,16.15,-41.61,,,
43.09,22.51,1,,1156.90,279.72,,6.376,-10.15,,16.20,-41.77,,,
43.3,22.65,1,,1187.70,279.29,,6.409,-10.50,,16.25,-41.73,,,
43.5,22.46,0.99,,1219.57,279.99,,6.441,-10.55,,16.30,-41.93,,,
43.69,22.25,1,,1248.75,277.10,,6.474,-10.56,,16.35,-41.93,,,
43.89,22.29,1,,1280.82,278.45,,6.507,-10.50,,16.40,-41.93,,,
44.09,22.23,1,,1313.00,279.59,,6.539,-10.10,,16.45,-41.98,,,
44.28,22.22,1,,1335.48,277.87,,6.578,-10.40,,16.50,-41.87,,,
44.48,22.28,1,,1367.59,276.20,,6.620,-9.78,,16.55,-41.88,,,
44.67,22.64,0.99,,1392.53,278.46,,6.662,-10.17,,16.60,-42.03,,,
44.87,22.55,1,,1398.38,276.56,,6.704,-10.03,,16.65,-41.95,,,
45.06,22.3,0.99,,1432.04,276.79,,6.746,-10.38,,16.70,-41.99,,,
45.25,22.31,0.99,,1461.87,277.11,,6.788,-10.54,,16.75,-42.05,,,
45.69,22.52,0.99,,1513.06,280.00,,6.830,-9.91,,16.80,-41.98,,,
45.89,22.74,0.99,,1543.64,279.13,,6.872,-10.15,,16.85,-41.77,,,
46.09,22.42,0.99,,1565.77,277.25,,6.914,-10.54,,16.90,-41.59,,,
46.29,22.95,0.99,,1592.67,277.80,,6.956,-10.07,,16.95,-41.68,,,
46.48,23.16,0.99,,1632.45,281.69,,6.998,-10.32,,17.00,-41.64,,,
46.68,23.16,0.99,,1654.40,280.91,,7.031,-10.43,,17.05,-41.60,,,
46.88,23.15,0.99,,1675.56,280.24,,7.065,-10.17,,17.10,-41.66,,,
47.09,23.37,0.99,,1683.90,278.31,,7.095,-10.56,,17.15,-41.56,,,
47.28,22.74,0.99,,1709.40,280.25,,7.128,-10.91,,17.20,-41.62,,,
47.49,23.54,0.99,,1775.47,277.56,,7.162,-10.38,,17.25,-41.55,,,
47.68,23.26,0.99,,1796.47,278.07,,7.195,-10.68,,17.30,-41.40,,,
47.9,22.76,0.99,,1814.00,278.10,,7.229,-10.52,,17.35,-41.30,,,
48.07,23.36,0.99,,1846.00,277.50,,7.262,-10.61,,17.40,-41.10,,,
48.27,23.01,0.99,,1894.00,277.40,,7.295,-10.83,,17.45,-40.91,,,
48.47,22.57,0.99,,1920.00,277.90,,7.329,-10.79,,17.50,-40.73,,,
48.68,22.43,0.99,,1949.00,276.70,,7.362,-10.59,,17.55,-40.64,,,
48.87,22.38,0.99,,1999.71,278.00,,7.396,-10.92,,17.60,-40.77,,,
49.07,22.51,0.99,,2093.36,276.90,,7.455,-10.77,,17.65,-40.72,,,
49.27,22.29,0.99,,2234.24,276.70,,7.518,-10.80,,17.70,-40.53,,,
49.48,22.54,0.99,,2265.55,276.70,,7.581,-10.52,,17.75,-40.46,,,
49.86,22.52,0.99,,2414.32,277.60,,7.643,-10.73,,17.80,-40.23,,,
50.06,22.29,0.99,,2526.12,277.90,,7.694,-10.75,,17.85,-40.12,,,
50.26,22.45,0.99,,2628.02,273.90,,7.718,-10.80,,17.90,-39.95,,,
50.47,22.43,0.99,,2708.48,278.90,,7.742,-10.28,,17.95,-39.92,,,
50.67,22.37,0.99,,2801.76,275.30,,7.766,-10.66,,18.00,-39.89,,,
50.87,22.91,0.99,,2904.55,274.70,,7.790,-10.77,,18.05,-39.93,,,
51.06,23.3,0.99,,2948.82,276.30,,7.814,-10.88,,18.10,-39.97,,,
51.27,22.77,0.99,,3056.60,274.60,,7.838,-10.80,,18.15,-40.04,,,
51.46,22.78,0.99,,3255.73,276.30,,7.862,-10.60,,18.20,-40.09,,,
51.66,23.14,0.99,,3283.66,273.10,,7.886,-10.55,,18.25,-40.02,,,
51.87,22.74,0.99,,3431.12,274.00,,7.975,-10.67,,18.30,-39.99,,,
52.26,22.53,0.98,,3528.29,275.00,,7.987,-10.40,,18.35,-39.87,,,
52.43,22.33,0.98,,3644.46,273.40,,7.998,-10.68,,18.40,-39.89,,,
52.64,22.39,0.73,,3693.41,273.00,,8.010,-10.16,,18.45,-39.93,,,
52.84,22.68,0.6,,3806.86,271.50,,8.022,-10.44,,18.50,-40.01,,,
53.03,22.86,0.93,,3856.17,275.40,,8.034,-10.35,,18.55,-39.90,,,
53.23,22.82,0.85,,3968.95,274.90,,8.061,-10.30,,18.60,-39.94,,,
53.42,22.9,0.99,,4108.67,271.70,,8.068,-10.34,,18.65,-39.94,,,
53.63,23.03,0.99,,4205.84,271.60,,8.078,-9.86,,18.70,-39.99,,,
53.83,22.77,0.83,,4275.08,272.80,,8.088,-10.04,,18.75,-40.00,,,
54.05,22.96,0.78,,4342.82,271.50,,8.098,-10.11,,18.80,-40.10,,,
54.24,22.82,0.77,,4494.36,271.10,,8.191,-10.44,,18.85,-40.12,,,
54.43,22.85,0.99,,4592.82,269.10,,8.285,-10.84,,18.90,-40.14,,,
54.62,22.77,0.99,,4647.46,269.80,,8.305,-10.54,,18.95,-40.43,,,
55.2,21.71,0.89,,4773.00,271.50,,8.326,-10.67,,19.00,-40.33,,,
55.4,21.99,0.41,,4921.20,270.70,,8.347,-10.56,,19.05,-40.27,,,
55.61,21.95,0.82,,4981.58,269.30,,8.368,-10.67,,19.10,-40.31,,,
55.82,22.73,0.54,,5086.79,268.60,,8.389,-11.01,,19.15,-40.20,,,
56,21.42,0.99,,5218.57,269.80,,8.410,-10.80,,19.20,-40.38,,,
56.2,21.89,0.87,,5311.18,267.60,,8.430,-10.45,,19.25,-40.75,,,
56.4,21.65,0.66,,5357.55,265.30,,8.451,-10.39,,19.30,-40.85,,,
56.6,21.76,0.77,,5533.29,265.20,,8.472,-10.44,,19.35,-40.80,,,
56.79,22.02,0.42,,5581.30,267.60,,8.499,-10.66,,19.40,-40.76,,,
57,22.04,0.27,,5757.61,265.90,,8.526,-10.37,,19.45,-40.66,,,
57.23,22.47,0.77,,5852.26,265.50,,8.552,-10.99,,19.50,-40.57,,,
57.62,21.89,0.26,,5934.09,260.70,,8.579,-10.59,,19.55,-40.45,,,
57.81,22.01,0.35,,5999.38,266.70,,8.606,-10.56,,19.60,-40.44,,,
58.01,21.99,0.33,,6089.81,265.50,,8.633,-10.89,,19.65,-40.23,,,
58.21,21.95,0.24,,6301.96,263.20,,8.660,-10.57,,19.70,-40.27,,,
58.41,22.01,0.26,,6337.21,262.70,,8.686,-10.89,,19.75,-40.52,,,
58.61,22.06,0.32,,6401.24,261.20,,8.713,-10.67,,19.80,-40.58,,,
58.8,22.03,0.29,,6572.29,261.10,,8.740,-10.63,,19.85,-40.69,,,
59,21.72,0.29,,6682.55,259.40,,8.767,-10.94,,19.90,-40.48,,,
59.2,20.92,0.58,,6769.65,262.10,,8.794,-11.03,,19.95,-40.18,,,
59.43,20.7,0.99,,6880.31,262.90,,8.820,-10.74,,20.00,-40.14,,,
59.63,21.82,0.25,,6970.08,258.10,,8.847,-10.76,,20.05,-40.22,,,
59.84,21.62,0.34,,7038.27,257.60,,8.874,-10.47,,20.10,-40.25,,,
60.07,21.01,0.4,,7188.07,262.30,,8.998,-10.64,,20.15,-40.40,,,
60.18,21.45,0.4,,7274.01,263.00,,9.015,-10.91,,20.20,-40.45,,,
60.38,21.41,0.49,,7405.32,260.70,,9.033,-10.80,,20.25,-40.55,,,
60.58,21.95,0.35,,7497.87,258.40,,9.051,-10.94,,20.30,-40.63,,,
60.79,21.95,0.39,,7661.37,260.10,,9.069,-10.09,,20.35,-40.67,,,
60.99,21.86,0.51,,7719.59,260.40,,9.087,-9.61,,20.40,-40.64,,,
61.18,21.82,0.37,,7860.18,259.70,,9.105,-9.61,,20.45,-40.38,,,
61.38,21.8,0.36,,7926.37,259.20,,9.134,-9.48,,20.50,-40.36,,,
61.58,21.72,0.39,,7975.85,260.80,,9.163,-9.74,,20.55,-40.49,,,
61.78,21.94,0.32,,8116.28,259.60,,9.192,-9.75,,20.60,-40.66,,,
62,21.67,0.3,,8194.80,259.30,,9.222,-9.93,,20.65,-40.71,,,
62.2,21.38,0.48,,8351.88,258.30,,9.251,-10.12,,20.70,-40.55,,,
62.4,21.67,0.45,,8459.68,261.30,,9.280,-10.78,,20.75,-40.43,,,
62.62,21.67,0.55,,8546.58,260.70,,9.309,-10.63,,20.80,-40.56,,,
62.83,22.03,0.44,,8710.68,261.80,,9.338,-10.67,,20.85,-40.52,,,
63.03,22.25,0.57,,8781.28,259.00,,9.367,-10.52,,20.90,-40.50,,,
63.24,22.29,0.54,,8911.85,260.90,,9.396,-10.40,,20.95,-40.57,,,
63.44,22.79,0.37,,8992.99,260.40,,9.425,-10.43,,21.00,-40.52,,,
63.64,22.31,0.44,,9060.17,259.30,,9.455,-10.39,,21.05,-40.51,,,
63.84,22.34,0.55,,9143.01,262.00,,9.484,-10.54,,21.10,-40.49,,,
64.04,22.43,0.66,,9295.31,263.70,,9.513,-10.68,,21.15,-40.59,,,
64.24,21.5,0.97,,9361.12,263.80,,9.542,-10.82,,21.20,-40.60,,,
64.43,22.26,0.75,,9436.70,265.20,,9.571,-10.25,,21.25,-40.39,,,
64.64,22.45,0.5,,9518.06,260.60,,9.600,-9.89,,21.30,-40.26,,,
64.84,22.04,0.55,,9524.44,260.90,,9.629,-9.85,,21.35,-40.36,,,
65.04,21.98,0.71,,9555.86,263.00,,9.658,-10.26,,21.40,-40.73,,,
65.23,21.84,0.97,,9573.27,263.80,,9.687,-10.51,,21.45,-41.03,,,
65.42,21.95,0.82,,9901.04,264.40,,9.716,-10.02,,21.50,-40.87,,,
65.64,22.69,1,,9992.61,264.20,,9.745,-9.78,,21.55,-40.83,,,
65.83,22.85,0.92,,10134.50,264.00,,9.774,-10.48,,21.60,-40.97,,,
66.04,22.88,0.97,,10192.95,263.40,,9.803,-10.48,,21.65,-40.89,,,
66.24,22.94,0.99,,10299.55,265.70,,9.832,-10.32,,21.70,-40.73,,,
66.43,22.11,0.69,,10366.56,264.90,,9.861,-10.35,,21.75,-40.77,,,
66.64,22.41,0.84,,10505.55,267.50,,9.890,-10.26,,21.80,-40.91,,,
66.99,22.71,0.73,,10680.48,266.90,,9.919,-10.16,,21.85,-41.02,,,
67.2,23.3,0.87,,10801.81,266.00,,9.948,-9.61,,21.90,-41.07,,,
67.4,22.59,0.37,,10835.74,265.10,,9.977,-9.91,,21.95,-41.21,,,
67.6,22.67,0.64,,10954.48,267.60,,9.995,-10.29,,22.00,-41.27,,,
67.78,22.91,0.56,,11089.62,264.80,,10.014,-10.04,,22.05,-41.25,,,
67.97,23.36,0.45,,11161.06,264.80,,10.032,-10.18,,22.10,-41.03,,,
68.17,22.83,0.71,,11185.87,265.00,,10.050,-10.53,,22.15,-40.80,,,
68.37,22.47,0.67,,11200.58,265.30,,10.068,-10.59,,22.20,-40.86,,,
68.57,22.73,0.63,,11256.57,264.40,,10.087,-10.62,,22.25,-40.99,,,
68.77,22.64,0.64,,11316.98,264.10,,10.105,-10.66,,22.30,-40.81,,,
68.99,22.74,0.85,,11339.37,264.81,,10.123,-10.40,,22.35,-40.70,,,
69.34,22.75,0.51,,11383.16,264.84,,10.141,-9.86,,22.40,-40.88,,,
69.54,22.84,0.39,,11399.86,268.16,,10.160,-10.09,,22.45,-40.80,,,
69.74,22.75,0.57,,11417.45,264.48,,10.178,-10.19,,22.50,-40.72,,,
69.96,22.85,0.47,,11435.93,270.14,,10.196,-10.76,,22.55,-40.69,,,
70.13,22.84,0.45,,11453.06,268.87,,10.214,-10.75,,22.60,-40.60,,,
70.33,23.18,0.54,,11472.80,269.10,,10.233,-10.46,,22.65,-40.63,,,
70.53,22.8,0.72,,11490.45,267.17,,10.251,-10.24,,22.70,-40.60,,,
70.73,22.91,0.91,,11507.23,267.66,,10.269,-10.50,,22.75,-40.51,,,
70.93,22.74,0.73,,11523.93,269.51,,10.287,-10.39,,22.80,-40.49,,,
71.14,22.54,0.88,,11543.60,266.90,,10.306,-10.54,,22.85,-40.46,,,
71.34,22.81,0.98,,11559.61,262.74,,10.324,-10.59,,22.90,-40.37,,,
71.55,22.63,0.99,,11576.41,267.09,,10.342,-10.25,,22.95,-40.18,,,
71.94,22.92,0.99,,11592.24,260.70,,10.360,-10.60,,23.00,-40.23,,,
72.13,22.67,1,,11611.31,261.30,,10.379,-10.50,,23.05,-40.45,,,
72.51,22.68,0.87,,11628.97,266.22,,10.397,-10.43,,23.10,-40.54,,,
72.71,22.68,0.77,,11647.92,257.13,,10.416,-9.91,,23.15,-40.89,,,
72.91,23.24,0.95,,11664.54,247.55,,10.435,-9.90,,23.20,-41.08,,,
73.12,23.38,0.91,,11682.82,254.62,,10.454,-10.21,,23.25,-41.15,,,
73.33,23.03,0.8,,11701.44,253.99,,10.473,-9.63,,23.30,-41.26,,,
73.71,23.18,0.98,,11719.72,256.04,,10.492,-10.30,,23.35,-41.23,,,
73.91,23.65,0.99,,11740.65,255.89,,10.511,-10.46,,23.40,-41.38,,,
74.13,23.28,0.99,,11759.21,258.74,,10.530,-10.52,,23.45,-41.52,,,
74.28,23.3,0.93,,11780.72,258.25,,10.549,-10.43,,23.50,-41.60,,,
74.5,22.77,0.91,,11802.79,258.53,,10.568,-10.62,,23.55,-41.74,,,
74.7,22.38,0.87,,11820.50,257.17,,10.606,-10.55,,23.60,-41.90,,,
,,,,11843.33,254.31,,10.625,-10.29,,23.65,-42.11,,,
,,,,11863.12,253.63,,10.644,-10.37,,23.70,-42.31,,,
,,,,11883.17,251.56,,10.662,-10.65,,23.75,-42.36,,,
,,,,11904.91,255.90,,10.681,-10.47,,23.80,-42.17,,,
,,,,11926.96,258.57,,10.700,-9.80,,23.85,-41.75,,,
,,,,11948.09,248.92,,10.719,-10.03,,23.90,-41.54,,,
,,,,11969.55,253.99,,10.738,-9.92,,23.95,-41.51,,,
,,,,11990.69,255.39,,10.757,-10.23,,24.00,-41.53,,,
,,,,12015.90,247.85,,10.776,-10.56,,24.05,-41.46,,,
,,,,12037.32,248.41,,10.795,-10.50,,24.10,-41.34,,,
,,,,12058.80,253.10,,10.814,-10.42,,24.15,-41.30,,,
,,,,12079.85,251.03,,10.833,-9.56,,24.20,-41.36,,,
,,,,12105.25,255.66,,10.852,-9.35,,24.25,-41.41,,,
,,,,12124.58,253.02,,10.871,-9.30,,24.30,-41.35,,,
,,,,12146.50,251.14,,10.890,-9.44,,24.35,-41.32,,,
,,,,12168.48,251.42,,10.909,-9.57,,24.40,-41.19,,,
,,,,12190.41,250.97,,10.928,-9.71,,24.45,-40.99,,,
,,,,12211.34,249.65,,10.947,-9.83,,24.50,-41.18,,,
,,,,12232.92,249.23,,10.966,-9.78,,24.55,-41.51,,,
,,,,12256.48,248.95,,10.986,-10.31,,24.60,-41.65,,,
,,,,12280.77,249.38,,11.005,-10.20,,24.65,-41.64,,,
,,,,12301.04,248.92,,11.024,-10.02,,24.70,-41.56,,,
,,,,12321.28,250.73,,11.043,-9.92,,24.75,-41.54,,,
,,,,12343.12,246.97,,11.062,-10.00,,24.80,-41.55,,,
,,,,12365.28,244.31,,11.081,-10.23,,24.85,-41.55,,,
,,,,12388.31,243.00,,11.100,-9.98,,24.90,-41.46,,,
,,,,12409.38,246.40,,11.119,-9.81,,24.95,-41.37,,,
,,,,12431.93,247.67,,11.139,-9.84,,25.00,-41.33,,,
,,,,12454.82,245.83,,11.158,-10.01,,25.05,-41.29,,,
,,,,12475.39,246.18,,11.177,-10.21,,25.10,-41.30,,,
,,,,12495.84,244.42,,11.196,-9.12,,25.15,-41.39,,,
,,,,12521.35,246.74,,11.215,-8.97,,25.20,-41.40,,,
,,,,12543.72,249.92,,11.234,-9.22,,25.25,-41.18,,,
,,,,12564.62,244.27,,11.253,-9.55,,25.30,-40.98,,,
,,,,12586.60,247.02,,11.272,-9.82,,25.35,-40.88,,,
,,,,12607.64,248.09,,11.292,-9.60,,25.40,-40.77,,,
,,,,12629.85,246.94,,11.311,-9.05,,25.45,-40.82,,,
,,,,12653.64,243.95,,11.330,-9.17,,25.50,-40.83,,,
,,,,12673.90,242.53,,11.349,-9.05,,25.55,-40.76,,,
,,,,12697.14,244.24,,11.368,-9.36,,25.60,-40.84,,,
,,,,12719.80,241.59,,11.385,-9.33,,25.65,-40.93,,,
,,,,12739.91,247.30,,11.402,-8.97,,25.70,-40.92,,,
,,,,12762.58,240.02,,11.419,-9.04,,25.75,-40.83,,,
,,,,12785.63,241.50,,11.436,-8.96,,25.80,-40.76,,,
,,,,12809.27,242.23,,11.453,-8.96,,25.85,-40.72,,,
,,,,12830.15,242.15,,11.469,-9.14,,25.90,-40.56,,,
,,,,12852.71,239.35,,11.486,-9.02,,25.95,-40.77,,,
,,,,12873.98,241.24,,11.503,-9.02,,26.00,-40.95,,,
,,,,12893.38,239.44,,11.525,-8.61,,26.05,-40.96,,,
,,,,12917.11,238.79,,11.537,-8.67,,26.10,-41.07,,,
,,,,12939.23,238.18,,11.549,-8.17,,26.15,-41.05,,,
,,,,12959.75,240.71,,11.561,-8.79,,26.20,-41.05,,,
,,,,12980.88,237.15,,11.585,-8.65,,26.25,-41.17,,,
,,,,13001.06,239.42,,11.596,-8.30,,26.30,-41.04,,,
,,,,13021.92,234.68,,11.608,-9.20,,26.35,-40.91,,,
,,,,13043.69,238.86,,11.620,-8.52,,26.40,-41.00,,,
,,,,13066.59,237.91,,11.631,-8.30,,26.45,-41.08,,,
,,,,13088.22,241.56,,11.643,-8.64,,26.50,-41.08,,,
,,,,13128.45,234.82,,11.655,-9.10,,26.55,-40.99,,,
,,,,13172.67,236.91,,11.666,-8.16,,26.60,-40.84,,,
,,,,13216.20,239.41,,11.678,-8.57,,26.65,-40.43,,,
,,,,13266.97,240.42,,11.690,-8.84,,26.70,-40.05,,,
,,,,13304.15,236.86,,11.701,-8.58,,26.75,-40.03,,,
,,,,13418.10,237.83,,11.712,-7.77,,26.80,-39.97,,,
,,,,13486.74,240.25,,11.724,-8.70,,26.85,-39.98,,,
,,,,13531.75,235.83,,11.736,-9.01,,26.90,-39.97,,,
,,,,13600.81,243.86,,11.748,-8.59,,26.95,-39.70,,,
,,,,13645.35,238.55,,11.760,-8.91,,27.00,-39.50,,,
,,,,13712.83,241.59,,11.772,-8.82,,27.05,-39.34,,,
,,,,13758.73,241.11,,11.784,-8.39,,27.10,-39.15,,,
,,,,13827.20,239.08,,11.797,-8.68,,27.15,-39.06,,,
,,,,13871.57,237.95,,11.840,-8.03,,27.20,-39.04,,,
,,,,13940.23,240.57,,11.877,-8.33,,27.25,-39.15,,,
,,,,14001.79,235.92,,11.911,-8.93,,27.30,-39.51,,,
,,,,14022.86,237.87,,11.944,-8.63,,27.35,-40.06,,,
,,,,14060.09,241.27,,11.977,-7.89,,27.40,-40.59,,,
,,,,14084.47,232.88,,12.009,-8.40,,27.45,-40.68,,,
,,,,14120.06,236.40,,12.042,-7.82,,27.50,-40.85,,,
,,,,14156.60,239.24,,12.074,-8.43,,27.55,-40.87,,,
,,,,14179.55,239.36,,12.107,-8.34,,27.60,-40.76,,,
,,,,14205.56,238.36,,12.141,-8.40,,27.65,-40.98,,,
,,,,14237.45,236.60,,12.173,-8.97,,27.70,-41.34,,,
,,,,14273.02,240.21,,12.206,-8.02,,27.75,-41.50,,,
,,,,14298.72,239.04,,12.240,-8.40,,27.80,-41.56,,,
,,,,14308.61,235.80,,12.274,-8.08,,27.85,-41.55,,,
,,,,14343.16,242.08,,12.311,-7.86,,27.90,-41.60,,,
,,,,14354.48,238.39,,12.352,-7.94,,27.95,-41.61,,,
,,,,14374.99,240.33,,12.377,-7.54,,28.00,-41.40,,,
,,,,14410.60,242.55,,12.401,-8.32,,28.05,-41.00,,,
,,,,14422.23,242.60,,12.424,-8.33,,28.10,-40.70,,,
,,,,14443.28,240.95,,12.446,-8.15,,28.15,-40.64,,,
,,,,14463.58,238.61,,12.469,-8.62,,28.20,-40.36,,,
,,,,14497.21,242.06,,12.493,-8.62,,28.25,-40.21,,,
,,,,14520.85,241.14,,12.519,-8.61,,28.30,-40.23,,,
,,,,14531.30,243.17,,12.542,-8.41,,28.35,-40.16,,,
,,,,14541.66,235.83,,12.564,-8.53,,28.40,-40.04,,,
,,,,14552.93,241.73,,12.585,-8.61,,28.45,-40.10,,,
,,,,14563.52,239.86,,12.605,-8.71,,28.50,-40.10,,,
,,,,14575.93,239.77,,12.626,-9.54,,28.55,-40.07,,,
,,,,14586.19,237.97,,12.648,-8.47,,28.60,-40.02,,,
,,,,14595.47,235.31,,12.671,-8.39,,28.65,-39.84,,,
,,,,14606.21,237.59,,12.689,-8.36,,28.70,-39.79,,,
,,,,14619.39,237.97,,12.706,-8.93,,28.75,-39.91,,,
,,,,14629.99,240.10,,12.722,-8.92,,28.80,-39.93,,,
,,,,14645.20,238.12,,12.739,-8.92,,28.85,-39.84,,,
,,,,14652.26,234.62,,12.754,-8.87,,28.90,-39.97,,,
,,,,14664.09,233.42,,12.771,-8.76,,28.95,-40.05,,,
,,,,14675.12,234.34,,12.787,-9.13,,29.00,-40.07,,,
,,,,14686.37,237.49,,12.804,-9.69,,29.05,-40.05,,,
,,,,14696.69,228.91,,12.822,-9.35,,29.10,-40.15,,,
,,,,14706.96,228.18,,12.834,-9.12,,29.15,-40.32,,,
,,,,14718.12,230.53,,12.845,-9.53,,29.20,-40.59,,,
,,,,14730.88,234.54,,12.857,-9.28,,29.25,-40.93,,,
,,,,14743.19,231.48,,12.868,-10.17,,29.30,-41.18,,,
,,,,14758.52,227.90,,12.879,-10.12,,29.35,-41.51,,,
,,,,14763.41,224.64,,12.891,-9.55,,29.40,-41.68,,,
,,,,14776.28,227.39,,12.902,-9.44,,29.45,-41.75,,,
,,,,14787.83,227.79,,12.914,-9.78,,29.50,-41.88,,,
,,,,14799.14,228.50,,12.926,-9.63,,29.55,-42.04,,,
,,,,14810.61,227.58,,12.939,-10.05,,29.60,-42.16,,,
,,,,14822.39,226.51,,12.951,-10.23,,29.65,-42.35,,,
,,,,14834.75,228.40,,12.964,-9.99,,29.70,-42.51,,,
,,,,14844.77,227.87,,12.976,-9.56,,29.75,-42.68,,,
,,,,14857.53,233.17,,12.988,-8.97,,29.80,-42.65,,,
,,,,14869.18,232.22,,13.000,-9.11,,29.85,-42.39,,,
,,,,14880.66,227.85,,13.012,-8.83,,29.90,-42.12,,,
,,,,14892.46,230.63,,13.024,-9.97,,29.95,-41.81,,,
,,,,14904.21,228.72,,13.037,-9.84,,30.00,-41.50,,,
,,,,14915.91,228.36,,13.049,-9.59,,30.05,-41.30,,,
,,,,14929.02,228.47,,13.061,-9.49,,30.10,-41.14,,,
,,,,14953.66,228.89,,13.072,-9.16,,30.15,-40.90,,,
,,,,14976.48,229.79,,13.084,-9.32,,30.20,-40.64,,,
,,,,14987.26,227.65,,13.096,-9.57,,30.25,-40.56,,,
,,,,15011.48,228.37,,13.120,-10.68,,30.30,-40.40,,,
,,,,15034.78,225.38,,13.132,-9.85,,30.35,-40.19,,,
,,,,15072.53,228.99,,13.144,-9.67,,30.40,-40.19,,,
,,,,15095.81,234.47,,13.156,-9.42,,30.45,-40.16,,,
,,,,15133.53,229.67,,13.168,-9.22,,30.50,-40.13,,,
,,,,15156.52,228.81,,13.181,-9.95,,30.55,-40.22,,,
,,,,15181.11,227.84,,13.193,-9.30,,30.60,-40.38,,,
,,,,15218.88,230.18,,13.206,-8.89,,30.65,-40.53,,,
,,,,15243.44,228.27,,13.218,-8.97,,30.70,-40.65,,,
,,,,15280.74,225.77,,13.230,-9.59,,30.75,-40.69,,,
,,,,15320.94,227.64,,13.243,-9.24,,30.80,-40.77,,,
,,,,15345.24,228.92,,13.257,-9.62,,30.85,-41.08,,,
,,,,15382.85,225.39,,13.270,-10.31,,30.90,-41.45,,,
,,,,15410.08,224.74,,13.283,-9.65,,30.95,-41.62,,,
,,,,15462.93,223.27,,13.295,-9.77,,31.00,-41.82,,,
,,,,15546.40,223.53,,13.309,-9.97,,31.05,-41.81,,,
,,,,15649.43,222.76,,13.321,-9.78,,31.10,-41.45,,,
,,,,15704.79,222.16,,13.334,-9.32,,31.15,-41.19,,,
,,,,15767.68,224.86,,13.346,-9.31,,31.20,-41.06,,,
,,,,15844.95,222.36,,13.358,-9.18,,31.25,-40.74,,,
,,,,15920.25,223.51,,13.371,-9.34,,31.30,-40.33,,,
,,,,15936.52,223.77,,13.384,-10.23,,31.35,-39.93,,,
,,,,15995.49,223.72,,13.396,-10.87,,31.40,-39.79,,,
,,,,15998.98,224.41,,13.408,-9.00,,31.45,-39.70,,,
,,,,16014.67,222.39,,13.421,-9.50,,31.50,-39.60,,,
,,,,16033.78,224.48,,13.433,-9.52,,31.55,-39.31,,,
,,,,16083.00,224.24,,13.446,-9.99,,31.60,-38.98,,,
,,,,16114.14,222.41,,13.459,-10.06,,31.65,-38.61,,,
,,,,16151.21,224.86,,13.471,-10.25,,31.70,-38.23,,,
,,,,16166.71,226.19,,13.484,-9.55,,31.75,-38.35,,,
,,,,16187.46,221.49,,13.496,-9.45,,31.80,-38.61,,,
,,,,16208.71,227.32,,13.509,-8.90,,31.85,-38.71,,,
,,,,16222.96,223.24,,13.522,-11.17,,31.90,-38.88,,,
,,,,16240.56,220.49,,13.535,-9.77,,31.95,-39.44,,,
,,,,16260.73,218.56,,13.548,-10.76,,32.00,-39.99,,,
,,,,16278.74,214.22,,13.557,-9.81,,32.05,-40.59,,,
,,,,16296.96,212.84,,13.566,-9.70,,32.10,-40.92,,,
,,,,16317.43,214.60,,13.574,-9.50,,32.15,-41.10,,,
,,,,16337.25,212.43,,13.583,-8.85,,32.20,-41.24,,,
,,,,16354.23,214.83,,13.592,-10.26,,32.25,-41.41,,,
,,,,16374.89,211.21,,13.600,-9.68,,32.30,-41.63,,,
,,,,16391.89,209.51,,13.609,-9.72,,32.35,-41.87,,,
,,,,16410.71,212.95,,13.618,-10.56,,32.40,-42.10,,,
,,,,16431.32,211.79,,13.627,-10.00,,32.45,-41.94,,,
,,,,16458.38,217.19,,13.635,-9.79,,32.50,-41.86,,,
,,,,16472.03,213.94,,13.644,-10.18,,32.55,-41.86,,,
,,,,16509.93,207.95,,13.653,-10.68,,32.60,-41.59,,,
,,,,16553.51,208.65,,13.662,-10.21,,32.65,-41.00,,,
,,,,16590.01,208.46,,13.670,-9.82,,32.70,-40.56,,,
,,,,16655.88,213.15,,13.679,-9.90,,32.75,-40.09,,,
,,,,16733.53,210.25,,13.688,-9.07,,32.80,-39.68,,,
,,,,16797.55,205.53,,13.696,-10.11,,32.85,-39.37,,,
,,,,16869.32,205.19,,13.705,-10.02,,32.90,-39.19,,,
,,,,16928.83,202.93,,13.714,-9.58,,32.95,-39.00,,,
,,,,16994.77,204.32,,13.723,-9.77,,33.00,-38.90,,,
,,,,17091.85,202.10,,13.731,-9.70,,33.05,-38.86,,,
,,,,17163.70,198.63,,13.744,-10.93,,33.10,-38.94,,,
,,,,17236.25,198.29,,13.756,-9.92,,33.15,-39.24,,,
,,,,17287.90,195.88,,13.769,-9.93,,33.20,-39.55,,,
,,,,17311.87,194.65,,13.781,-10.24,,33.25,-39.83,,,
,,,,17360.50,190.50,,13.793,-9.58,,33.30,-40.25,,,
,,,,17385.30,193.02,,13.805,-9.77,,33.35,-40.81,,,
,,,,17410.03,191.89,,13.817,-9.32,,33.40,-41.16,,,
,,,,17434.97,190.76,,13.829,-9.45,,33.45,-41.44,,,
,,,,17460.99,193.00,,13.842,-9.47,,33.50,-41.68,,,
,,,,17485.29,191.48,,13.853,-9.63,,33.55,-41.97,,,
,,,,17510.87,191.59,,13.866,-9.40,,33.60,-42.23,,,
,,,,17534.59,192.37,,13.878,-9.78,,33.65,-42.57,,,
,,,,17561.46,192.62,,13.889,-9.65,,33.70,-42.57,,,
,,,,17586.25,196.96,,13.902,-8.91,,33.75,-42.56,,,
,,,,17612.00,195.79,,13.914,-9.01,,33.80,-42.37,,,
,,,,17637.88,193.21,,13.926,-9.15,,33.85,-42.01,,,
,,,,17665.06,194.38,,13.938,-9.16,,33.90,-41.49,,,
,,,,17691.21,191.52,,13.951,-8.60,,33.95,-41.06,,,
,,,,17717.05,189.52,,13.963,-8.74,,34.00,-40.56,,,
,,,,17743.75,190.41,,13.976,-9.41,,34.05,-40.06,,,
,,,,17769.71,191.70,,13.988,-9.43,,34.10,-39.72,,,
,,,,17797.57,187.25,,14.002,-9.10,,34.15,-39.39,,,
,,,,17825.43,191.21,,14.016,-8.96,,34.20,-39.20,,,
,,,,17854.60,189.52,,14.029,-9.05,,34.25,-38.95,,,
,,,,17881.00,190.26,,14.043,-9.53,,34.30,-38.61,,,
,,,,17907.16,191.72,,14.056,-9.31,,34.35,-38.11,,,
,,,,17935.99,188.54,,14.069,-9.43,,34.40,-37.89,,,
,,,,17965.83,188.66,,14.082,-9.37,,34.45,-37.89,,,
,,,,17992.04,188.96,,14.096,-9.68,,34.50,-37.94,,,
,,,,18024.45,187.79,,14.109,-9.69,,34.55,-37.95,,,
,,,,18050.09,187.73,,14.122,-9.48,,34.60,-38.17,,,
,,,,18081.60,188.64,,14.135,-9.27,,34.65,-38.35,,,
,,,,18110.63,188.59,,14.149,-8.93,,34.70,-38.66,,,
,,,,18139.76,184.88,,14.162,-9.44,,34.75,-38.89,,,
,,,,18173.16,189.01,,14.189,-10.01,,34.80,-38.93,,,
,,,,18201.79,185.65,,14.203,-8.96,,34.85,-39.26,,,
,,,,18232.18,188.88,,14.221,-9.42,,34.90,-39.49,,,
,,,,18264.68,188.52,,14.239,-9.49,,34.95,-39.56,,,
,,,,18295.81,189.03,,14.257,-9.73,,35.00,-39.71,,,
,,,,18324.39,187.12,,14.275,-9.58,,35.05,-40.08,,,
,,,,18360.35,188.73,,14.292,-9.29,,35.10,-40.44,,,
,,,,18391.16,188.21,,14.309,-9.42,,35.15,-40.48,,,
,,,,18422.43,188.47,,14.326,-9.80,,35.20,-40.65,,,
,,,,18457.83,187.45,,14.344,-9.84,,35.25,-40.91,,,
,,,,18486.59,187.09,,14.361,-9.71,,35.30,-41.01,,,
,,,,18519.99,187.67,,14.378,-8.65,,35.35,-41.03,,,
,,,,18582.94,188.57,,14.396,-8.92,,35.40,-40.95,,,
,,,,18677.40,193.90,,14.414,-9.43,,35.45,-41.06,,,
,,,,18747.05,191.27,,14.432,-8.72,,35.50,-41.41,,,
,,,,18803.64,192.97,,14.449,-9.40,,35.55,-41.32,,,
,,,,18835.15,188.44,,14.466,-8.93,,35.60,-41.18,,,
,,,,18866.91,188.50,,14.484,-8.55,,35.65,-41.23,,,
,,,,18993.82,192.71,,14.501,-8.59,,35.70,-41.28,,,
,,,,19152.79,191.09,,14.536,-8.71,,35.75,-41.20,,,
,,,,19282.16,191.58,,14.547,-8.45,,35.80,-41.00,,,
,,,,19442.73,191.52,,14.558,-8.05,,35.85,-40.92,,,
,,,,19568.15,188.95,,14.569,-8.75,,35.90,-40.62,,,
,,,,19629.49,191.42,,14.579,-8.53,,35.95,-40.51,,,
,,,,19791.19,193.60,,14.590,-8.66,,36.00,-40.45,,,
,,,,19883.88,196.06,,14.600,-9.03,,36.05,-40.43,,,
,,,,20018.70,193.72,,14.612,-8.46,,36.10,-40.49,,,
,,,,20213.31,190.47,,14.622,-7.82,,36.15,-40.36,,,
,,,,20407.60,189.99,,14.634,-8.24,,36.20,-40.12,,,
,,,,20536.80,193.93,,14.647,-8.00,,36.25,-40.03,,,
,,,,20666.49,187.76,,14.660,-8.31,,36.30,-39.91,,,
,,,,20828.39,192.66,,14.674,-8.17,,36.35,-39.74,,,
,,,,20964.43,190.87,,14.686,-7.61,,36.40,-39.70,,,
,,,,21067.69,188.40,,14.700,-7.40,,36.45,-39.67,,,
,,,,21212.70,190.05,,14.713,-8.31,,36.50,-39.65,,,
,,,,21345.18,187.24,,14.726,-7.83,,36.55,-39.53,,,
,,,,21562.85,185.23,,14.739,-7.80,,36.60,-39.63,,,
,,,,21790.59,187.96,,14.766,-6.86,,36.65,-39.46,,,
,,,,21913.63,190.78,,14.803,-7.68,,36.70,-39.36,,,
,,,,22055.59,187.38,,14.835,-7.15,,36.75,-39.26,,,
,,,,22230.89,191.27,,14.866,-6.51,,36.80,-39.07,,,
,,,,22292.20,187.22,,14.896,-7.73,,36.85,-38.83,,,
,,,,22347.60,187.02,,14.926,-7.43,,36.90,-38.56,,,
,,,,22550.10,184.68,,14.959,-7.69,,36.95,-38.30,,,
,,,,22604.10,185.21,,15.00,-7.29,,37.00,-38.29,,,
,,,,22650.80,188.49,,15.02,-7.77,,37.05,-38.26,,,
,,,,22749.30,190.01,,15.05,-7.28,,37.10,-38.02,,,
,,,,22833.60,186.13,,15.07,-7.00,,37.15,-37.61,,,
,,,,22994.00,189.40,,15.10,-6.91,,37.20,-37.44,,,
,,,,23013.80,190.53,,15.13,-7.22,,37.25,-37.61,,,
,,,,23107.30,190.08,,15.15,-7.53,,37.30,-37.65,,,
,,,,23185.00,188.60,,15.17,-7.43,,37.35,-37.81,,,
,,,,23276.70,197.67,,15.18,-8.07,,37.40,-37.65,,,
,,,,23358.40,193.53,,15.20,-7.09,,37.45,-37.59,,,
,,,,23445.20,186.78,,15.22,-6.61,,37.50,-37.67,,,
,,,,23600.50,187.99,,15.24,-6.72,,37.55,-37.98,,,
,,,,23873.80,183.13,,15.26,-7.31,,37.60,-38.25,,,
,,,,24077.70,184.68,,15.28,-7.52,,37.65,-38.64,,,
,,,,24269.80,186.73,,15.30,-7.05,,37.70,-38.85,,,
,,,,24643.60,180.57,,15.33,-7.41,,37.75,-39.18,,,
,,,,25163.60,180.69,,15.36,-7.36,,37.80,-39.57,,,
,,,,25351.10,182.66,,15.38,-7.11,,37.85,-40.22,,,
,,,,25543.60,183.38,,15.41,-7.00,,37.90,-40.51,,,
,,,,25786.00,186.54,,15.43,-6.95,,37.95,-40.39,,,
,,,,26016.00,184.52,,15.46,-6.75,,38.00,-40.31,,,
,,,,26254.50,184.57,,15.48,-7.69,,38.05,-40.26,,,
,,,,26315.00,183.77,,15.50,-7.70,,38.10,-40.70,,,
,,,,26460.70,186.01,,15.52,-7.88,,38.15,-40.85,,,
,,,,26537.10,185.51,,15.53,-7.92,,38.20,-40.84,,,
,,,,26703.70,185.44,,15.54,-7.39,,38.25,-40.63,,,
,,,,26857.80,186.43,,15.55,-5.78,,38.30,-40.74,,,
,,,,26954.90,188.08,,15.57,-8.11,,38.35,-40.69,,,
,,,,27042.00,187.39,,15.58,-8.19,,38.40,-40.62,,,
,,,,27084.80,186.27,,15.59,-7.82,,38.45,-40.56,,,
,,,,27170.20,194.93,,15.60,-7.40,,38.50,-40.55,,,
,,,,27280.10,190.06,,15.61,-7.93,,38.55,-40.53,,,
,,,,27441.90,191.95,,15.62,-7.50,,38.60,-40.71,,,
,,,,27502.80,191.23,,15.63,-7.00,,38.65,-41.03,,,
,,,,27549.70,191.53,,15.63,-7.18,,38.70,-41.31,,,
,,,,27586.40,191.95,,15.64,-7.21,,38.75,-41.46,,,
,,,,27661.30,191.46,,15.65,-6.85,,38.80,-41.37,,,
,,,,27687.00,192.71,,15.66,-7.01,,38.85,-41.67,,,
,,,,27714.10,190.61,,15.67,-7.39,,38.90,-42.07,,,
,,,,27718.60,189.30,,15.68,-7.54,,38.95,-42.57,,,
,,,,27820.70,187.59,,15.69,-7.74,,39.00,-42.69,,,
,,,,27866.40,190.58,,15.71,-6.69,,39.05,-42.82,,,
,,,,27885.00,189.28,,15.73,-7.14,,39.10,-43.17,,,
,,,,27927.10,188.99,,15.74,-7.40,,39.15,-43.16,,,
,,,,27973.20,189.29,,15.76,-7.46,,39.20,-43.09,,,
,,,,28097.30,189.96,,15.78,-7.55,,39.25,-42.85,,,
,,,,28214.10,191.82,,15.80,-6.55,,39.30,-42.58,,,
,,,,28271.60,191.59,,15.82,-6.51,,39.35,-42.28,,,
,,,,28369.70,192.63,,15.84,-7.01,,39.40,-42.08,,,
,,,,28413.90,189.16,,15.87,-7.14,,39.45,-41.92,,,
,,,,28426.90,189.65,,15.89,-6.85,,39.50,-41.78,,,
,,,,28577.40,193.10,,15.91,-6.13,,39.55,-41.44,,,
,,,,28626.40,192.82,,15.94,-6.61,,39.60,-41.02,,,
,,,,28724.30,193.80,,15.99,-6.63,,39.65,-40.52,,,
,,,,28841.90,193.89,,16.03,-6.81,,39.70,-40.11,,,
,,,,28902.70,192.69,,16.08,-6.39,,39.75,-39.77,,,
,,,,28948.60,193.26,,16.09,-6.95,,39.80,-39.25,,,
,,,,29008.90,192.87,,16.10,-6.18,,39.85,-39.22,,,
,,,,29150.70,192.26,,16.11,-6.19,,39.90,-39.24,,,
,,,,29205.30,188.10,,16.12,-8.32,,39.95,-39.39,,,
,,,,29249.60,192.39,,16.13,-8.36,,40.00,-39.54,,,
,,,,29323.90,191.01,,16.14,-7.56,,40.05,-39.78,,,
,,,,29366.10,189.83,,16.15,-7.11,,40.10,-39.85,,,
,,,,29410.20,189.21,,16.16,-7.33,,40.15,-39.96,,,
,,,,29609.20,189.24,,16.17,-8.33,,40.20,-40.14,,,
,,,,29681.20,189.77,,16.21,-7.64,,40.25,-40.17,,,
,,,,29742.80,191.28,,16.23,-7.73,,40.30,-40.20,,,
,,,,29837.80,190.97,,16.24,-7.83,,40.35,-40.29,,,
,,,,29952.10,191.38,,16.27,-7.75,,40.40,-40.52,,,
,,,,29999.00,191.57,,16.29,-7.57,,40.45,-40.77,,,
,,,,30101.50,188.25,,16.31,-7.32,,40.50,-40.98,,,
,,,,30181.70,188.48,,16.33,-7.59,,40.55,-40.68,,,
,,,,30277.90,186.52,,16.35,-7.11,,40.60,-40.36,,,
,,,,30312.70,185.99,,16.37,-6.87,,40.65,-40.07,,,
,,,,30400.50,184.30,,16.39,-7.49,,40.70,-39.81,,,
,,,,30528.80,182.94,,16.41,-7.25,,40.75,-39.57,,,
,,,,30713.00,187.14,,16.43,-8.43,,40.80,-39.35,,,
,,,,30775.70,190.33,,16.45,-8.52,,40.85,-39.25,,,
,,,,31105.20,188.00,,16.46,-8.25,,40.90,-39.00,,,
,,,,31356.40,188.48,,16.48,-8.46,,40.95,-38.93,,,
,,,,31524.10,189.95,,16.49,-8.38,,41.00,-39.02,,,
,,,,31792.10,193.71,,16.51,-7.59,,41.05,-39.09,,,
,,,,31818.40,192.93,,16.52,-8.02,,41.10,-39.17,,,
,,,,31933.90,192.51,,16.53,-7.95,,41.15,-39.17,,,
,,,,32026.90,193.33,,16.55,-7.89,,41.20,-39.21,,,
,,,,32079.60,193.91,,16.56,-7.84,,41.25,-39.72,,,
,,,,32147.50,196.42,,16.57,-7.23,,41.30,-40.18,,,
,,,,32150.60,196.91,,16.59,-7.12,,41.35,-40.52,,,
,,,,32307.90,192.47,,16.60,-6.91,,41.40,-40.83,,,
,,,,32361.20,195.25,,16.63,-7.17,,41.45,-40.99,,,
,,,,32434.80,194.11,,16.69,-8.20,,41.50,-41.29,,,
,,,,32511.10,194.61,,16.70,-7.51,,41.55,-41.41,,,
,,,,32594.60,194.43,,16.73,-7.84,,41.60,-41.49,,,
,,,,32677.80,195.08,,16.74,-7.58,,41.65,-41.48,,,
,,,,32714.10,195.94,,16.76,-8.63,,41.70,-41.44,,,
,,,,32813.10,199.30,,16.77,-7.93,,41.75,-41.39,,,
,,,,32880.90,196.70,,16.81,-7.69,,41.80,-41.12,,,
,,,,33009.00,196.33,,16.83,-7.55,,41.85,-40.88,,,
,,,,33148.30,197.65,,16.86,-7.84,,41.90,-40.74,,,
,,,,33417.50,196.90,,16.90,-7.10,,41.95,-40.33,,,
,,,,33491.40,197.13,,16.92,-8.18,,42.00,-39.97,,,
,,,,33555.30,197.80,,16.94,-7.84,,42.05,-39.70,,,
,,,,33758.10,200.03,,16.96,-7.61,,42.10,-39.35,,,
,,,,33841.00,195.63,,16.98,-7.62,,42.15,-39.06,,,
,,,,33885.70,195.27,,16.99,-7.36,,42.20,-38.71,,,
,,,,33907.50,194.46,,17.01,-7.28,,42.25,-38.37,,,
,,,,33925.90,194.47,,17.02,-7.55,,42.30,-38.25,,,
,,,,33957.00,196.47,,17.03,-7.29,,42.35,-38.20,,,
,,,,33991.50,195.41,,17.04,-7.42,,42.40,-37.99,,,
,,,,34064.20,195.93,,17.05,-7.74,,42.45,-37.85,,,
,,,,34190.30,194.89,,17.06,-7.28,,42.50,-37.96,,,
,,,,34250.80,195.79,,17.07,-7.19,,42.55,-38.02,,,
,,,,34312.80,196.27,,17.07,-6.73,,42.60,-38.03,,,
,,,,34334.40,196.20,,17.08,-7.15,,42.65,-38.17,,,
,,,,34556.90,199.65,,17.09,-7.99,,42.70,-38.13,,,
,,,,34602.60,199.49,,17.10,-7.81,,42.75,-38.05,,,
,,,,34620.00,200.29,,17.11,-8.38,,42.80,-38.17,,,
,,,,34647.80,198.89,,17.12,-7.70,,42.85,-38.38,,,
,,,,34710.60,197.16,,17.14,-8.57,,42.90,-38.69,,,
,,,,34825.60,202.80,,17.15,-8.44,,42.95,-39.01,,,
,,,,34866.80,203.09,,17.17,-8.41,,43.00,-39.22,,,
,,,,35089.60,198.78,,17.19,-8.43,,43.05,-39.40,,,
,,,,35165.80,203.60,,17.21,-8.02,,43.10,-39.70,,,
,,,,35281.70,205.38,,17.23,-8.43,,43.15,-40.07,,,
,,,,35337.00,204.47,,17.25,-8.61,,43.20,-40.27,,,
,,,,35359.40,203.62,,17.26,-8.05,,43.25,-40.49,,,
,,,,35383.00,201.36,,17.28,-8.30,,43.30,-40.55,,,
,,,,35445.80,200.30,,17.30,-8.29,,43.35,-40.65,,,
,,,,35497.10,201.06,,17.33,-8.07,,43.40,-41.08,,,
,,,,35508.50,202.04,,17.35,-7.60,,43.45,-41.45,,,
,,,,35530.70,201.89,,17.39,-7.90,,43.50,-41.67,,,
,,,,35568.00,201.83,,17.42,-8.52,,43.55,-41.77,,,
,,,,35672.50,201.81,,17.45,-8.37,,43.60,-41.74,,,
,,,,35701.60,200.50,,17.49,-8.19,,43.65,-41.77,,,
,,,,35854.60,203.29,,17.52,-7.93,,43.70,-41.70,,,
,,,,35948.30,198.80,,17.54,-7.26,,43.75,-41.56,,,
,,,,36086.50,204.12,,17.57,-7.52,,43.80,-41.53,,,
,,,,36173.10,201.78,,17.60,-7.60,,43.85,-41.35,,,
,,,,36261.80,200.09,,17.63,-7.98,,43.90,-41.14,,,
,,,,36506.30,198.96,,17.65,-7.27,,43.95,-41.02,,,
,,,,36591.80,205.10,,17.68,-7.23,,44.00,-40.97,,,
,,,,36669.60,203.77,,17.70,-7.33,,44.05,-40.73,,,
,,,,36712.80,203.75,,17.72,-7.36,,44.10,-40.34,,,
,,,,36820.20,202.76,,17.74,-7.96,,44.15,-40.05,,,
,,,,36939.80,203.51,,17.75,-8.40,,44.20,-39.74,,,
,,,,37023.40,206.36,,17.79,-7.53,,44.25,-39.44,,,
,,,,37118.60,210.16,,17.82,-7.71,,44.30,-39.21,,,
,,,,37143.20,207.35,,17.85,-8.80,,44.35,-39.01,,,
,,,,37296.50,208.25,,17.89,-8.72,,44.40,-38.94,,,
,,,,37302.00,209.66,,17.92,-8.06,,44.45,-38.96,,,
,,,,37338.10,206.59,,18.00,-9.20,,44.50,-38.69,,,
,,,,37431.00,212.51,,18.05,-8.41,,44.55,-38.44,,,
,,,,37461.30,209.84,,18.10,-8.40,,44.60,-38.28,,,
,,,,37618.60,214.30,,18.18,-9.14,,44.65,-38.03,,,
,,,,37647.50,212.14,,18.21,-8.27,,44.70,-37.89,,,
,,,,37777.20,212.09,,18.23,-8.43,,44.75,-37.87,,,
,,,,37895.00,214.21,,18.25,-8.27,,44.80,-37.83,,,
,,,,38000.30,211.21,,18.28,-8.86,,44.85,-37.79,,,
,,,,38088.50,214.36,,18.29,-8.69,,44.90,-37.64,,,
,,,,38165.60,208.34,,18.31,-8.25,,44.95,-37.67,,,
,,,,38192.40,206.52,,18.32,-8.33,,45.00,-37.62,,,
,,,,38284.20,207.41,,18.34,-8.16,,45.05,-37.53,,,
,,,,38359.20,208.00,,18.36,-8.28,,45.10,-37.37,,,
,,,,38412.80,210.79,,18.38,-8.42,,45.15,-37.21,,,
,,,,38472.90,207.23,,18.40,-8.69,,45.20,-37.26,,,
,,,,38533.20,210.08,,18.41,-7.99,,45.25,-37.18,,,
,,,,38573.60,208.23,,18.42,-8.04,,45.30,-37.12,,,
,,,,38621.80,204.79,,18.43,-8.77,,45.35,-37.25,,,
,,,,38670.80,204.46,,18.44,-8.46,,45.40,-37.38,,,
,,,,38723.40,206.54,,18.45,-8.78,,45.45,-37.36,,,
,,,,38812.60,206.09,,18.46,-8.69,,45.50,-37.40,,,
,,,,38874.70,205.65,,18.47,-9.12,,45.55,-37.43,,,
,,,,38955.60,205.99,,18.48,-8.93,,45.60,-37.75,,,
,,,,38976.80,202.34,,18.49,-7.96,,45.65,-37.82,,,
,,,,39053.60,204.28,,18.50,-7.98,,45.70,-37.90,,,
,,,,39120.50,207.32,,18.51,-8.90,,45.75,-37.91,,,
,,,,39265.70,208.69,,18.53,-9.14,,45.80,-37.98,,,
,,,,39303.20,209.50,,18.54,-8.95,,45.85,-37.98,,,
,,,,39319.90,209.33,,18.56,-8.98,,45.90,-38.07,,,
,,,,39339.80,207.87,,18.57,-9.17,,45.95,-38.42,,,
,,,,39379.40,204.78,,18.60,-8.39,,46.00,-38.69,,,
,,,,39402.90,191.53,,18.63,-8.22,,46.05,-38.67,,,
,,,,39454.40,198.14,,18.66,-8.16,,46.10,-38.70,,,
,,,,39515.40,200.40,,18.67,-8.32,,46.15,-39.00,,,
,,,,39621.00,195.70,,18.68,-8.24,,46.20,-39.18,,,
,,,,39709.20,196.67,,18.70,-10.01,,46.25,-39.23,,,
,,,,39757.10,193.58,,18.71,-10.14,,46.30,-39.22,,,
,,,,39885.00,193.87,,18.72,-9.22,,46.35,-39.31,,,
,,,,39900.50,197.55,,18.74,-9.15,,46.40,-39.52,,,
,,,,40042.70,192.60,,18.75,-9.49,,46.45,-39.88,,,
,,,,40112.10,193.08,,18.76,-9.23,,46.50,-40.27,,,
,,,,40145.30,193.69,,18.78,-8.47,,46.55,-40.70,,,
,,,,40308.40,197.90,,18.79,-8.73,,46.60,-40.73,,,
,,,,40485.95,201.32,,18.79,-8.92,,46.65,-40.85,,,
,,,,40553.44,201.48,,18.80,-8.97,,46.70,-41.01,,,
,,,,40754.30,200.47,,18.81,-7.80,,46.75,-41.30,,,
,,,,40907.39,200.97,,18.82,-8.51,,46.80,-41.35,,,
,,,,41167.90,201.53,,18.83,-9.09,,46.85,-41.23,,,
,,,,41303.59,204.19,,18.83,-9.87,,46.90,-41.20,,,
,,,,41605.97,205.49,,18.84,-9.07,,46.95,-41.36,,,
,,,,41759.21,201.12,,18.84,-8.94,,47.00,-41.33,,,
,,,,41900.69,199.89,,18.85,-9.35,,47.05,-41.30,,,
,,,,42315.82,200.90,,18.85,-9.31,,47.10,-41.24,,,
,,,,42628.30,204.83,,18.86,-8.68,,47.15,-41.13,,,
,,,,42849.87,206.35,,18.87,-8.92,,47.20,-40.95,,,
,,,,42968.08,204.26,,18.88,-8.03,,47.25,-40.86,,,
,,,,43171.89,203.16,,18.88,-7.77,,47.30,-41.30,,,
,,,,43350.66,201.66,,18.89,-8.49,,47.35,-41.33,,,
,,,,43515.82,204.22,,18.90,-8.87,,47.40,-41.30,,,
,,,,43661.16,203.18,,18.91,-8.26,,47.45,-41.31,,,
,,,,43809.01,201.69,,18.92,-8.35,,47.50,-41.44,,,
,,,,44095.20,204.31,,18.93,-8.63,,47.55,-41.50,,,
,,,,44204.45,202.00,,18.94,-8.63,,47.60,-41.56,,,
,,,,44350.47,206.22,,18.95,-8.52,,47.65,-41.43,,,
,,,,44490.50,204.83,,18.96,-8.50,,47.70,-41.44,,,
,,,,44655.54,212.29,,18.97,-8.45,,47.75,-41.49,,,
,,,,44816.01,210.44,,18.98,-8.50,,47.80,-41.44,,,
,,,,44996.16,211.49,,18.99,-9.03,,47.85,-41.30,,,
,,,,45142.02,207.95,,19.01,-8.25,,47.90,-41.40,,,
,,,,45280.39,213.92,,19.02,-8.19,,47.95,-41.30,,,
,,,,45460.32,214.50,,19.04,-7.95,,48.00,-40.65,,,
,,,,45696.06,217.51,,19.05,-8.03,,48.05,-40.40,,,
,,,,45877.11,222.72,,19.06,-8.56,,48.10,-40.25,,,
,,,,46057.33,221.77,,19.07,-8.52,,48.15,-39.91,,,
,,,,46181.26,219.25,,19.08,-8.34,,48.20,-39.56,,,
,,,,46308.55,218.35,,19.09,-8.47,,48.25,-39.35,,,
,,,,46635.90,216.42,,19.10,-8.39,,48.30,-39.17,,,
,,,,46746.44,214.18,,19.11,-8.20,,48.35,-39.21,,,
,,,,46887.94,210.84,,19.12,-8.14,,48.40,-39.31,,,
,,,,47086.28,210.27,,19.13,-8.65,,48.45,-39.42,,,
,,,,47314.98,207.60,,19.14,-8.67,,48.50,-39.46,,,
,,,,47524.36,204.26,,19.15,-8.25,,48.55,-39.59,,,
,,,,47710.39,203.79,,19.16,-7.82,,48.60,-39.38,,,
,,,,47943.75,205.66,,19.18,-7.95,,48.65,-39.34,,,
,,,,48223.18,206.18,,19.19,-8.23,,48.70,-39.63,,,
,,,,48427.86,200.98,,19.20,-8.70,,48.75,-39.62,,,
,,,,48987.95,201.58,,19.21,-8.02,,48.80,-39.51,,,
,,,,49302.98,200.12,,19.22,-9.07,,48.85,-39.56,,,
,,,,49462.66,204.06,,19.23,-8.68,,48.90,-39.73,,,
,,,,49728.32,203.87,,19.24,-7.97,,48.95,-39.96,,,
,,,,50006.51,204.38,,19.25,-7.81,,49.00,-39.94,,,
,,,,50220.55,206.74,,19.26,-8.06,,49.05,-39.79,,,
,,,,50527.41,207.41,,19.31,-8.27,,49.10,-39.65,,,
,,,,51029.17,207.64,,19.36,-8.18,,49.15,-39.32,,,
,,,,51431.45,211.57,,19.42,-7.74,,49.20,-39.19,,,
,,,,51779.53,215.08,,19.44,-7.90,,49.25,-39.07,,,
,,,,52086.82,213.82,,19.47,-8.04,,49.30,-39.12,,,
,,,,52384.78,219.08,,19.49,-8.21,,49.35,-39.01,,,
,,,,52573.68,220.72,,19.51,-8.07,,49.40,-38.77,,,
,,,,52800.74,221.15,,19.53,-7.74,,49.45,-38.69,,,
,,,,53108.25,223.72,,19.55,-7.50,,49.50,-38.65,,,
,,,,53400.45,223.26,,19.57,-8.06,,49.55,-38.70,,,
,,,,53806.25,221.14,,19.58,-7.94,,49.60,-38.71,,,
,,,,54156.60,220.37,,19.60,-7.65,,49.65,-38.60,,,
,,,,54387.13,217.96,,19.62,-7.94,,49.70,-38.74,,,
,,,,54694.61,213.89,,19.64,-8.00,,49.75,-38.83,,,
,,,,55014.49,216.86,,19.66,-8.22,,49.80,-38.59,,,
,,,,55293.46,208.19,,19.68,-8.43,,49.85,-38.75,,,
,,,,55553.13,214.78,,19.70,-7.84,,49.90,-38.87,,,
,,,,55909.54,210.27,,19.72,-7.48,,49.95,-38.93,,,
,,,,56237.13,207.67,,19.74,-7.68,,50.00,-38.73,,,
,,,,56503.58,212.44,,19.76,-7.75,,50.05,-38.72,,,
,,,,57210.94,215.70,,19.78,-8.17,,50.10,-38.93,,,
,,,,57476.27,217.38,,19.80,-8.19,,50.15,-39.04,,,
,,,,57843.72,223.72,,19.82,-8.22,,50.20,-39.27,,,
,,,,58217.01,224.35,,19.84,-8.15,,50.25,-39.33,,,
,,,,58433.32,223.15,,19.86,-8.05,,50.30,-39.20,,,
,,,,59105.07,231.29,,19.88,-7.98,,50.35,-39.12,,,
,,,,59380.41,226.35,,19.90,-7.75,,50.40,-39.13,,,
,,,,59733.47,223.45,,19.92,-7.94,,50.45,-39.19,,,
,,,,60109.88,216.66,,19.94,-8.04,,50.50,-39.60,,,
,,,,60373.06,212.87,,19.96,-8.38,,50.55,-39.63,,,
,,,,60516.63,217.25,,19.97,-7.66,,50.60,-39.51,,,
,,,,60817.62,213.78,,19.99,-7.45,,50.65,-39.35,,,
,,,,61060.88,207.95,,20.01,-7.62,,50.70,-39.57,,,
,,,,61234.84,210.57,,20.02,-7.97,,50.75,-39.66,,,
,,,,61554.11,210.90,,20.04,-8.16,,50.80,-39.48,,,
,,,,61900.72,206.38,,20.05,-7.41,,50.85,-39.40,,,
,,,,62552.01,202.56,,20.07,-7.32,,50.90,-39.20,,,
,,,,62774.57,202.71,,20.08,-7.33,,50.95,-39.10,,,
,,,,62960.90,200.15,,20.10,-7.76,,51.00,-39.23,,,
,,,,63555.79,197.40,,20.13,-7.56,,51.05,-39.25,,,
,,,,63896.88,197.24,,20.16,-7.67,,51.10,-39.00,,,
,,,,64113.78,199.73,,20.19,-7.59,,51.15,-38.72,,,
,,,,64657.29,203.70,,20.22,-7.89,,51.20,-38.42,,,
,,,,64867.42,201.67,,20.25,-7.89,,51.25,-38.25,,,
,,,,65046.72,199.17,,20.28,-7.63,,51.30,-38.13,,,
,,,,65546.45,208.98,,20.31,-7.42,,51.35,-38.02,,,
,,,,65764.51,198.17,,20.34,-7.52,,51.40,-37.81,,,
,,,,65937.23,200.59,,20.37,-7.53,,51.45,-37.65,,,
,,,,66439.31,204.39,,20.39,-7.64,,51.50,-37.80,,,
,,,,66959.71,207.21,,20.42,-7.46,,51.55,-37.93,,,
,,,,67314.59,201.14,,20.45,-7.67,,51.60,-38.02,,,
,,,,67729.68,203.76,,20.48,-7.65,,51.65,-37.99,,,
,,,,68146.19,200.17,,20.51,-7.78,,51.70,-37.89,,,
,,,,68619.99,203.43,,20.54,-8.06,,51.75,-37.86,,,
,,,,69081.53,205.42,,20.57,-7.96,,51.80,-37.99,,,
,,,,69592.02,211.26,,20.61,-7.72,,51.85,-38.31,,,
,,,,70052.16,215.55,,20.66,-7.90,,51.90,-38.36,,,
,,,,70427.26,220.33,,20.71,-7.95,,51.95,-38.41,,,
,,,,70928.87,225.17,,20.75,-7.61,,52.00,-38.67,,,
,,,,71279.17,235.02,,20.79,-7.24,,52.05,-39.03,,,
,,,,71693.65,237.56,,20.83,-7.49,,52.10,-39.07,,,
,,,,72092.81,239.46,,20.86,-7.87,,52.15,-39.24,,,
,,,,72490.15,232.79,,20.90,-7.77,,52.20,-39.10,,,
,,,,72866.04,232.33,,20.94,-7.56,,52.25,-39.06,,,
,,,,73219.32,230.89,,20.98,-7.54,,52.30,-39.04,,,
,,,,73750.96,232.74,,21.02,-7.29,,52.35,-38.95,,,
,,,,74221.48,231.33,,21.06,-7.86,,52.40,-38.82,,,
,,,,74525.65,241.24,,21.10,-7.79,,52.45,-38.88,,,
,,,,75067.95,243.27,,21.15,-7.90,,52.50,-38.81,,,
,,,,,,,21.20,-7.60,,52.55,-38.51,,,
,,,,,,,21.25,-7.68,,52.60,-38.42,,,
,,,,,,,21.30,-7.36,,52.65,-38.37,,,
,,,,,,,21.34,-7.30,,52.70,-38.13,,,
,,,,,,,21.38,-7.46,,52.75,-37.83,,,
,,,,,,,21.42,-7.44,,52.80,-38.01,,,
,,,,,,,21.46,-7.90,,52.85,-38.03,,,
,,,,,,,21.50,-8.00,,52.90,-38.10,,,
,,,,,,,21.54,-7.40,,52.95,-38.10,,,
,,,,,,,21.58,-7.46,,53.00,-38.16,,,
,,,,,,,21.62,-7.39,,53.05,-38.51,,,
,,,,,,,21.67,-7.67,,53.10,-38.78,,,
,,,,,,,21.69,-7.51,,53.15,-38.79,,,
,,,,,,,21.71,-7.47,,53.20,-38.97,,,
,,,,,,,21.73,-7.43,,53.25,-39.32,,,
,,,,,,,21.75,-7.62,,53.30,-39.64,,,
,,,,,,,21.77,-7.84,,53.35,-39.97,,,
,,,,,,,21.79,-7.48,,53.40,-40.39,,,
,,,,,,,21.81,-7.55,,53.45,-40.74,,,
,,,,,,,21.83,-7.55,,53.50,-40.69,,,
,,,,,,,21.86,-7.72,,53.55,-40.60,,,
,,,,,,,21.88,-7.75,,53.60,-40.54,,,
,,,,,,,21.95,-7.37,,53.65,-40.53,,,
,,,,,,,22.00,-8.25,,53.70,-40.47,,,
,,,,,,,22.05,-7.83,,53.75,-40.31,,,
,,,,,,,22.10,-7.56,,53.80,-40.44,,,
,,,,,,,22.15,-7.22,,53.85,-40.61,,,
,,,,,,,22.20,-7.39,,53.90,-40.70,,,
,,,,,,,22.25,-7.07,,53.95,-40.72,,,
,,,,,,,22.30,-7.17,,54.00,-40.73,,,
,,,,,,,22.36,-7.34,,54.05,-40.63,,,
,,,,,,,22.48,-7.27,,54.10,-40.43,,,
,,,,,,,22.51,-7.21,,54.15,-40.23,,,
,,,,,,,22.53,-7.63,,54.20,-40.31,,,
,,,,,,,22.55,-7.63,,54.25,-40.46,,,
,,,,,,,22.58,-7.46,,54.30,-40.59,,,
,,,,,,,22.60,-7.69,,54.35,-40.52,,,
,,,,,,,22.62,-7.61,,54.40,-40.52,,,
,,,,,,,22.65,-7.44,,54.45,-40.40,,,
,,,,,,,22.67,-7.46,,54.50,-40.09,,,
,,,,,,,22.69,-7.53,,54.55,-39.86,,,
,,,,,,,22.72,-7.47,,54.60,-39.62,,,
,,,,,,,22.76,-7.38,,54.65,-39.30,,,
,,,,,,,22.80,-7.68,,54.70,-39.07,,,
,,,,,,,22.83,-7.54,,54.75,-38.89,,,
,,,,,,,22.87,-7.75,,54.80,-38.78,,,
,,,,,,,22.90,-7.91,,54.85,-38.89,,,
,,,,,,,22.93,-7.64,,54.90,-38.86,,,
,,,,,,,22.96,-7.31,,54.95,-38.87,,,
,,,,,,,23.00,-7.42,,55.00,-39.08,,,
,,,,,,,23.03,-7.40,,55.05,-39.41,,,
,,,,,,,23.06,-7.44,,55.10,-39.52,,,
,,,,,,,23.10,-7.44,,55.15,-39.74,,,
,,,,,,,23.14,-7.65,,55.20,-40.01,,,
,,,,,,,23.15,-7.69,,55.25,-40.25,,,
,,,,,,,23.17,-7.78,,55.30,-40.46,,,
,,,,,,,23.18,-7.28,,55.35,-40.76,,,
,,,,,,,23.19,-8.08,,55.40,-40.88,,,
,,,,,,,23.21,-7.74,,55.45,-40.98,,,
,,,,,,,23.22,-7.94,,55.50,-41.06,,,
,,,,,,,23.23,-7.05,,55.55,-40.94,,,
,,,,,,,23.25,-7.12,,55.60,-40.92,,,
,,,,,,,23.26,-7.61,,55.65,-40.81,,,
,,,,,,,23.27,-7.68,,55.70,-40.40,,,
,,,,,,,23.29,-7.47,,55.75,-39.98,,,
,,,,,,,23.30,-7.56,,55.80,-39.82,,,
,,,,,,,23.33,-7.52,,55.85,-39.62,,,
,,,,,,,23.36,-7.63,,55.90,-39.26,,,
,,,,,,,23.39,-7.67,,55.95,-38.91,,,
,,,,,,,23.42,-8.25,,56.00,-38.71,,,
,,,,,,,23.45,-7.68,,56.05,-38.43,,,
,,,,,,,23.48,-7.57,,56.10,-38.16,,,
,,,,,,,23.51,-7.86,,56.15,-37.95,,,
,,,,,,,23.54,-8.01,,56.20,-37.86,,,
,,,,,,,23.57,-7.90,,56.25,-37.74,,,
,,,,,,,23.59,-7.42,,56.30,-37.56,,,
,,,,,,,23.61,-7.58,,56.35,-37.41,,,
,,,,,,,23.63,-7.74,,56.40,-37.46,,,
,,,,,,,23.65,-7.55,,56.45,-37.41,,,
,,,,,,,23.67,-7.94,,56.50,-37.25,,,
,,,,,,,23.70,-7.50,,56.55,-37.10,,,
,,,,,,,23.72,-7.48,,56.60,-37.15,,,
,,,,,,,23.74,-7.42,,56.65,-37.13,,,
,,,,,,,23.77,-7.11,,56.70,-37.27,,,
,,,,,,,23.79,-7.13,,56.75,-37.33,,,
,,,,,,,23.82,-7.13,,56.80,-37.44,,,
,,,,,,,23.84,-7.35,,56.85,-37.57,,,
,,,,,,,23.86,-7.27,,56.90,-37.67,,,
,,,,,,,23.89,-7.42,,56.95,-37.88,,,
,,,,,,,23.91,-7.09,,57.00,-37.87,,,
,,,,,,,23.93,-6.96,,57.05,-38.04,,,
,,,,,,,23.96,-7.21,,57.10,-38.26,,,
,,,,,,,24.02,-6.37,,57.15,-38.67,,,
,,,,,,,24.07,-6.34,,57.20,-38.99,,,
,,,,,,,24.12,-6.52,,57.25,-39.34,,,
,,,,,,,24.16,-6.81,,57.30,-39.55,,,
,,,,,,,24.21,-6.72,,57.35,-39.72,,,
,,,,,,,24.25,-6.29,,57.40,-39.43,,,
,,,,,,,24.30,-6.42,,57.45,-39.39,,,
,,,,,,,24.34,-6.68,,57.50,-39.44,,,
,,,,,,,24.39,-6.78,,57.55,-39.33,,,
,,,,,,,24.44,-6.99,,57.60,-39.19,,,
,,,,,,,24.50,-6.52,,57.65,-38.96,,,
,,,,,,,24.52,-7.01,,57.70,-39.08,,,
,,,,,,,24.53,-6.79,,57.75,-38.97,,,
,,,,,,,24.55,-6.18,,57.80,-38.70,,,
,,,,,,,24.57,-6.85,,57.85,-38.28,,,
,,,,,,,24.58,-7.26,,57.90,-37.95,,,
,,,,,,,24.60,-8.00,,57.95,-37.71,,,
,,,,,,,24.62,-7.56,,58.00,-37.57,,,
,,,,,,,24.66,-7.86,,58.05,-37.48,,,
,,,,,,,24.70,-7.79,,58.10,-37.71,,,
,,,,,,,24.74,-8.26,,58.15,-37.79,,,
,,,,,,,24.77,-7.85,,58.20,-37.89,,,
,,,,,,,24.80,-8.06,,58.25,-38.16,,,
,,,,,,,24.84,-7.86,,58.30,-38.32,,,
,,,,,,,24.88,-7.81,,58.35,-38.58,,,
,,,,,,,24.92,-8.23,,58.40,-38.64,,,
,,,,,,,24.95,-7.46,,58.45,-38.71,,,
,,,,,,,24.98,-7.56,,58.50,-38.91,,,
,,,,,,,25.01,-7.64,,58.55,-39.14,,,
,,,,,,,25.04,-7.86,,58.60,-39.56,,,
,,,,,,,25.06,-8.01,,58.65,-39.89,,,
,,,,,,,25.09,-7.84,,58.70,-40.14,,,
,,,,,,,25.12,-8.04,,58.75,-40.29,,,
,,,,,,,25.14,-7.95,,58.80,-40.31,,,
,,,,,,,25.17,-7.65,,58.85,-40.42,,,
,,,,,,,25.20,-7.75,,58.90,-40.41,,,
,,,,,,,25.22,-7.50,,58.95,-40.32,,,
,,,,,,,25.25,-7.52,,59.00,-40.45,,,
,,,,,,,25.28,-7.34,,59.05,-40.49,,,
,,,,,,,25.31,-7.59,,59.10,-40.48,,,
,,,,,,,25.33,-7.80,,59.15,-40.57,,,
,,,,,,,25.34,-8.16,,59.20,-40.43,,,
,,,,,,,25.35,-7.73,,59.25,-40.65,,,
,,,,,,,25.37,-7.35,,59.30,-40.55,,,
,,,,,,,25.38,-7.71,,59.35,-40.36,,,
,,,,,,,25.39,-7.45,,59.40,-40.17,,,
,,,,,,,25.41,-8.36,,59.45,-40.35,,,
,,,,,,,25.42,-8.02,,59.50,-40.58,,,
,,,,,,,25.43,-8.00,,59.55,-40.58,,,
,,,,,,,25.45,-8.05,,59.60,-40.63,,,
,,,,,,,25.48,-7.66,,59.65,-40.78,,,
,,,,,,,25.51,-7.56,,59.70,-40.65,,,
,,,,,,,25.54,-7.08,,59.75,-40.50,,,
,,,,,,,25.57,-7.56,,59.80,-40.69,,,
,,,,,,,25.60,-7.53,,59.85,-40.78,,,
,,,,,,,25.63,-7.17,,59.90,-40.93,,,
,,,,,,,25.66,-7.87,,59.95,-40.68,,,
,,,,,,,25.68,-7.67,,60.00,-40.64,,,
,,,,,,,25.71,-7.10,,60.05,-40.70,,,
,,,,,,,25.74,-7.41,,60.10,-40.80,,,
,,,,,,,25.77,-7.75,,60.15,-40.64,,,
,,,,,,,25.80,-7.75,,60.20,-40.35,,,
,,,,,,,25.83,-7.53,,60.25,-40.21,,,
,,,,,,,25.85,-7.34,,60.30,-40.20,,,
,,,,,,,25.88,-7.39,,60.35,-40.09,,,
,,,,,,,25.91,-7.84,,60.40,-40.02,,,
,,,,,,,25.94,-7.86,,60.45,-40.13,,,
,,,,,,,25.97,-7.76,,60.50,-39.94,,,
,,,,,,,26.00,-8.12,,60.55,-39.86,,,
,,,,,,,26.03,-8.08,,60.60,-39.99,,,
,,,,,,,26.07,-8.05,,60.65,-40.24,,,
,,,,,,,26.10,-7.82,,60.70,-40.25,,,
,,,,,,,26.12,-7.65,,60.75,-40.34,,,
,,,,,,,26.15,-8.01,,60.80,-40.32,,,
,,,,,,,26.18,-7.86,,60.85,-40.24,,,
,,,,,,,26.21,-8.08,,60.90,-40.43,,,
,,,,,,,26.24,-8.53,,60.95,-40.66,,,
,,,,,,,26.27,-8.15,,61.00,-40.65,,,
,,,,,,,26.30,-8.61,,61.05,-40.60,,,
,,,,,,,26.33,-9.45,,61.10,-40.80,,,
,,,,,,,26.36,-8.30,,61.15,-40.83,,,
,,,,,,,26.39,-7.65,,61.20,-41.02,,,
,,,,,,,26.42,-7.91,,61.25,-41.15,,,
,,,,,,,26.45,-8.18,,61.30,-41.18,,,
,,,,,,,26.47,-7.80,,61.35,-41.19,,,
,,,,,,,26.50,-8.49,,61.40,-41.29,,,
,,,,,,,26.53,-8.01,,61.45,-41.17,,,
,,,,,,,26.56,-8.23,,61.50,-41.21,,,
,,,,,,,26.58,-8.23,,61.55,-41.41,,,
,,,,,,,26.60,-7.94,,61.60,-41.48,,,
,,,,,,,26.62,-7.87,,61.65,-41.49,,,
,,,,,,,26.64,-7.84,,61.70,-41.61,,,
,,,,,,,26.66,-8.49,,61.75,-41.73,,,
,,,,,,,26.68,-8.79,,61.80,-41.67,,,
,,,,,,,26.70,-9.37,,61.85,-41.73,,,
,,,,,,,26.72,-8.90,,61.90,-41.66,,,
,,,,,,,26.74,-8.47,,61.95,-41.58,,,
,,,,,,,26.76,-8.51,,62.00,-41.41,,,
,,,,,,,26.78,-8.58,,62.05,-41.19,,,
,,,,,,,26.82,-8.73,,62.10,-41.17,,,
,,,,,,,26.86,-8.29,,62.15,-41.36,,,
,,,,,,,26.90,-8.26,,62.20,-41.46,,,
,,,,,,,26.94,-8.78,,62.25,-41.38,,,
,,,,,,,26.98,-8.60,,62.30,-41.23,,,
,,,,,,,27.02,-8.11,,62.35,-41.20,,,
,,,,,,,27.05,-8.32,,62.40,-41.20,,,
,,,,,,,27.09,-8.56,,62.45,-41.31,,,
,,,,,,,27.13,-8.33,,62.50,-41.46,,,
,,,,,,,27.17,-8.06,,62.55,-41.38,,,
,,,,,,,27.21,-8.28,,62.60,-41.32,,,
,,,,,,,27.25,-8.28,,62.65,-41.30,,,
,,,,,,,27.29,-8.62,,62.70,-41.40,,,
,,,,,,,27.33,-8.40,,62.75,-41.55,,,
,,,,,,,27.37,-8.28,,62.80,-41.48,,,
,,,,,,,27.41,-8.69,,62.85,-41.19,,,
,,,,,,,27.44,-8.58,,62.90,-40.75,,,
,,,,,,,27.47,-8.47,,62.95,-40.42,,,
,,,,,,,27.51,-8.57,,63.00,-40.32,,,
,,,,,,,27.54,-8.67,,63.05,-39.90,,,
,,,,,,,27.57,-8.98,,63.10,-39.49,,,
,,,,,,,27.61,-8.57,,63.15,-39.19,,,
,,,,,,,27.64,-8.94,,63.20,-38.82,,,
,,,,,,,27.67,-8.86,,63.25,-38.51,,,
,,,,,,,27.70,-8.93,,63.30,-38.22,,,
,,,,,,,27.74,-9.29,,63.35,-37.98,,,
,,,,,,,27.77,-9.41,,63.40,-37.80,,,
,,,,,,,27.80,-9.43,,63.45,-37.70,,,
,,,,,,,27.84,-9.45,,63.50,-37.66,,,
,,,,,,,27.87,-8.98,,63.55,-37.79,,,
,,,,,,,27.91,-9.10,,63.60,-38.35,,,
,,,,,,,27.94,-8.69,,63.65,-38.96,,,
,,,,,,,27.97,-7.98,,63.70,-39.20,,,
,,,,,,,28.00,-8.24,,63.75,-39.68,,,
,,,,,,,28.03,-8.51,,63.80,-40.06,,,
,,,,,,,28.06,-8.11,,63.85,-40.27,,,
,,,,,,,28.08,-8.77,,63.90,-40.60,,,
,,,,,,,28.11,-8.08,,63.95,-41.00,,,
,,,,,,,28.15,-8.45,,64.00,-41.52,,,
,,,,,,,28.18,-8.29,,64.05,-41.86,,,
,,,,,,,28.22,-8.38,,64.10,-42.05,,,
,,,,,,,28.25,-8.50,,64.15,-42.09,,,
,,,,,,,28.32,-8.39,,64.20,-42.19,,,
,,,,,,,28.35,-8.91,,64.25,-42.21,,,
,,,,,,,28.38,-8.36,,64.30,-41.91,,,
,,,,,,,28.42,-8.56,,64.35,-41.41,,,
,,,,,,,28.45,-8.51,,64.40,-41.17,,,
,,,,,,,28.49,-8.48,,64.45,-41.14,,,
,,,,,,,28.52,-8.48,,64.50,-41.07,,,
,,,,,,,28.55,-8.21,,64.55,-40.94,,,
,,,,,,,28.61,-8.57,,64.60,-40.85,,,
,,,,,,,28.64,-8.93,,64.65,-40.71,,,
,,,,,,,28.67,-8.70,,64.70,-40.47,,,
,,,,,,,28.70,-8.79,,64.75,-40.47,,,
,,,,,,,28.73,-9.17,,64.80,-40.39,,,
,,,,,,,28.76,-9.20,,64.85,-40.35,,,
,,,,,,,28.79,-9.13,,64.90,-40.37,,,
,,,,,,,28.82,-9.12,,64.95,-40.32,,,
,,,,,,,28.85,-9.42,,65.00,-40.39,,,
,,,,,,,28.88,-9.48,,65.05,-40.76,,,
,,,,,,,28.90,-9.67,,65.10,-41.10,,,
,,,,,,,28.93,-9.36,,65.15,-41.04,,,
,,,,,,,28.96,-9.10,,65.20,-41.00,,,
,,,,,,,28.99,-9.99,,65.25,-41.13,,,
,,,,,,,29.02,-9.82,,65.30,-41.17,,,
,,,,,,,29.05,-9.68,,65.35,-41.28,,,
,,,,,,,29.09,-9.69,,65.40,-41.33,,,
,,,,,,,29.12,-9.68,,65.45,-41.21,,,
,,,,,,,29.15,-8.84,,65.50,-41.26,,,
,,,,,,,29.19,-8.97,,65.55,-41.36,,,
,,,,,,,29.22,-8.44,,65.60,-41.29,,,
,,,,,,,29.25,-8.83,,65.65,-41.37,,,
,,,,,,,29.28,-8.86,,65.70,-41.35,,,
,,,,,,,29.31,-8.98,,65.75,-41.14,,,
,,,,,,,29.34,-8.87,,65.80,-40.80,,,
,,,,,,,29.37,-8.72,,65.85,-40.59,,,
,,,,,,,29.41,-8.66,,65.90,-40.66,,,
,,,,,,,29.45,-8.40,,65.95,-40.56,,,
,,,,,,,29.49,-8.34,,66.00,-40.37,,,
,,,,,,,29.53,-8.00,,66.05,-40.15,,,
,,,,,,,29.56,-8.37,,66.10,-40.06,,,
,,,,,,,29.60,-8.84,,66.15,-40.05,,,
,,,,,,,29.64,-8.11,,66.20,-39.87,,,
,,,,,,,29.67,-8.07,,66.25,-39.68,,,
,,,,,,,29.71,-8.48,,66.30,-39.71,,,
,,,,,,,29.75,-8.22,,66.35,-39.69,,,
,,,,,,,29.79,-8.34,,66.40,-39.68,,,
,,,,,,,29.83,-8.34,,66.45,-39.76,,,
,,,,,,,29.86,-7.95,,66.50,-39.98,,,
,,,,,,,29.90,-8.52,,66.55,-40.29,,,
,,,,,,,29.93,-8.22,,66.60,-40.20,,,
,,,,,,,29.96,-8.06,,66.65,-40.24,,,
,,,,,,,30.00,-8.46,,66.70,-40.42,,,
,,,,,,,30.03,-8.46,,66.75,-40.58,,,
,,,,,,,30.06,-8.42,,66.80,-40.60,,,
,,,,,,,30.09,-7.91,,66.85,-40.55,,,
,,,,,,,30.13,-8.00,,66.90,-40.59,,,
,,,,,,,30.16,-8.28,,66.95,-40.69,,,
,,,,,,,30.20,-8.46,,67.00,-40.65,,,
,,,,,,,30.23,-8.34,,67.05,-40.59,,,
,,,,,,,30.27,-8.36,,67.10,-40.55,,,
,,,,,,,30.30,-8.55,,67.15,-40.25,,,
,,,,,,,30.34,-8.58,,67.20,-40.06,,,
,,,,,,,30.37,-8.41,,67.25,-39.82,,,
,,,,,,,30.40,-8.55,,67.30,-39.70,,,
,,,,,,,30.44,-8.70,,67.35,-39.65,,,
,,,,,,,30.48,-8.74,,67.40,-39.63,,,
,,,,,,,30.53,-8.83,,67.45,-39.63,,,
,,,,,,,30.58,-8.58,,67.50,-39.69,,,
,,,,,,,30.63,-8.65,,67.55,-39.87,,,
,,,,,,,30.68,-9.03,,67.60,-40.06,,,
,,,,,,,30.73,-9.47,,67.65,-39.93,,,
,,,,,,,30.77,-9.47,,67.70,-39.80,,,
,,,,,,,30.82,-9.41,,67.75,-39.64,,,
,,,,,,,30.87,-9.10,,67.80,-39.51,,,
,,,,,,,30.92,-8.95,,67.85,-39.82,,,
,,,,,,,30.96,-8.68,,67.90,-39.81,,,
,,,,,,,31.01,-8.86,,67.95,-39.82,,,
,,,,,,,31.06,-8.67,,68.00,-39.96,,,
,,,,,,,31.11,-8.94,,68.05,-39.96,,,
,,,,,,,31.16,-8.80,,68.10,-39.92,,,
,,,,,,,31.23,-8.96,,68.15,-39.80,,,
,,,,,,,31.30,-8.89,,68.20,-39.65,,,
,,,,,,,31.36,-8.94,,68.25,-39.49,,,
,,,,,,,31.43,-8.66,,68.30,-39.48,,,
,,,,,,,31.49,-8.82,,68.35,-39.77,,,
,,,,,,,31.56,-8.63,,68.40,-40.10,,,
,,,,,,,31.63,-8.50,,68.45,-40.48,,,
,,,,,,,31.71,-8.80,,68.50,-40.79,,,
,,,,,,,31.79,-8.35,,68.55,-40.89,,,
,,,,,,,31.86,-8.39,,68.60,-41.14,,,
,,,,,,,31.94,-8.86,,68.65,-41.34,,,
,,,,,,,32.01,-8.99,,68.70,-41.33,,,
,,,,,,,32.08,-9.34,,68.75,-41.25,,,
,,,,,,,32.16,-9.52,,68.80,-41.13,,,
,,,,,,,32.24,-9.49,,68.85,-41.12,,,
,,,,,,,32.33,-9.15,,68.90,-41.14,,,
,,,,,,,32.39,-9.89,,68.95,-40.99,,,
,,,,,,,32.44,-9.50,,69.00,-40.54,,,
,,,,,,,32.50,-10.04,,69.05,-40.14,,,
,,,,,,,32.55,-9.70,,69.10,-39.69,,,
,,,,,,,32.60,-9.85,,69.15,-39.26,,,
,,,,,,,32.65,-9.61,,69.20,-38.96,,,
,,,,,,,32.70,-8.57,,69.25,-38.59,,,
,,,,,,,32.75,-8.64,,69.30,-38.21,,,
,,,,,,,32.80,-8.50,,69.35,-37.88,,,
,,,,,,,32.85,-8.58,,69.40,-37.72,,,
,,,,,,,32.92,-8.93,,69.45,-37.81,,,
,,,,,,,33.00,-8.69,,69.50,-37.70,,,
,,,,,,,33.08,-8.71,,69.55,-37.49,,,
,,,,,,,33.15,-8.86,,69.60,-37.35,,,
,,,,,,,33.22,-8.59,,69.65,-37.35,,,
,,,,,,,33.30,-8.62,,69.70,-37.61,,,
,,,,,,,33.38,-9.01,,69.75,-37.71,,,
,,,,,,,33.46,-9.20,,69.80,-37.80,,,
,,,,,,,33.53,-9.51,,69.85,-37.67,,,
,,,,,,,33.61,-9.48,,69.90,-37.48,,,
,,,,,,,33.68,-9.47,,69.95,-37.40,,,
,,,,,,,33.75,-9.35,,70.00,-37.29,,,
,,,,,,,33.82,-9.17,,70.05,-37.16,,,
,,,,,,,33.89,-9.47,,70.10,-37.01,,,
,,,,,,,33.96,-9.94,,70.15,-36.78,,,
,,,,,,,34.03,-9.07,,70.20,-36.84,,,
,,,,,,,34.10,-8.73,,70.25,-37.05,,,
,,,,,,,34.18,-8.37,,70.30,-37.26,,,
,,,,,,,34.25,-8.79,,70.35,-37.43,,,
,,,,,,,34.32,-8.63,,70.40,-37.41,,,
,,,,,,,34.37,-8.62,,70.45,-37.55,,,
,,,,,,,34.42,-8.73,,70.50,-37.71,,,
,,,,,,,34.47,-8.69,,70.55,-38.13,,,
,,,,,,,34.52,-8.78,,70.60,-38.44,,,
,,,,,,,34.57,-8.54,,70.65,-38.82,,,
,,,,,,,34.62,-9.22,,70.70,-39.35,,,
,,,,,,,34.67,-9.16,,70.75,-39.92,,,
,,,,,,,34.72,-9.21,,70.80,-40.37,,,
,,,,,,,34.78,-9.37,,70.85,-40.73,,,
,,,,,,,34.83,-9.41,,70.90,-40.93,,,
,,,,,,,34.87,-9.55,,70.95,-40.97,,,
,,,,,,,34.92,-9.22,,71.00,-40.82,,,
,,,,,,,34.98,-9.64,,71.05,-40.86,,,
,,,,,,,35.03,-9.83,,71.10,-41.06,,,
,,,,,,,35.08,-10.24,,71.15,-41.04,,,
,,,,,,,35.13,-10.18,,71.20,-41.07,,,
,,,,,,,35.18,-10.02,,71.25,-41.08,,,
,,,,,,,35.25,-9.67,,71.30,-41.22,,,
,,,,,,,35.31,-9.34,,71.35,-41.19,,,
,,,,,,,35.37,-9.63,,71.40,-41.01,,,
,,,,,,,35.44,-9.79,,71.45,-40.82,,,
,,,,,,,35.50,-9.75,,71.50,-40.68,,,
,,,,,,,35.57,-8.78,,71.55,-40.66,,,
,,,,,,,35.63,-8.83,,71.60,-40.79,,,
,,,,,,,35.69,-8.69,,71.65,-40.97,,,
,,,,,,,35.76,-8.99,,71.70,-41.33,,,
,,,,,,,35.82,-8.89,,71.75,-41.52,,,
,,,,,,,35.89,-8.73,,71.80,-41.53,,,
,,,,,,,35.97,-8.17,,71.85,-41.69,,,
,,,,,,,36.04,-8.44,,71.90,-41.86,,,
,,,,,,,36.12,-8.54,,71.95,-41.91,,,
,,,,,,,36.18,-8.56,,72.00,-41.83,,,
,,,,,,,36.25,-8.59,,72.05,-41.81,,,
,,,,,,,36.33,-8.79,,72.10,-41.76,,,
,,,,,,,36.40,-8.64,,72.15,-41.66,,,
,,,,,,,36.48,-9.10,,72.20,-41.62,,,
,,,,,,,36.57,-8.66,,72.25,-41.47,,,
,,,,,,,36.64,-9.47,,72.30,-41.27,,,
,,,,,,,36.71,-9.74,,72.35,-40.90,,,
,,,,,,,36.79,-9.32,,72.40,-40.36,,,
,,,,,,,36.87,-9.53,,72.45,-39.87,,,
,,,,,,,36.95,-9.43,,72.50,-39.50,,,
,,,,,,,37.00,-9.61,,72.55,-39.15,,,
,,,,,,,37.04,-9.73,,72.60,-38.73,,,
,,,,,,,37.09,-9.52,,72.65,-38.31,,,
,,,,,,,37.14,-9.28,,72.70,-38.08,,,
,,,,,,,37.18,-9.60,,72.75,-37.86,,,
,,,,,,,37.22,-9.32,,72.80,-37.75,,,
,,,,,,,37.27,-9.67,,72.85,-37.51,,,
,,,,,,,37.31,-9.50,,72.90,-37.38,,,
,,,,,,,37.35,-9.73,,72.95,-37.27,,,
,,,,,,,37.40,-9.54,,73.00,-37.08,,,
,,,,,,,37.44,-9.66,,73.05,-37.15,,,
,,,,,,,37.48,-9.96,,73.10,-37.36,,,
,,,,,,,37.53,-9.94,,73.15,-37.53,,,
,,,,,,,37.57,-9.92,,73.20,-37.64,,,
,,,,,,,37.62,-9.70,,73.25,-37.47,,,
,,,,,,,37.66,-10.01,,73.30,-37.42,,,
,,,,,,,37.70,-9.60,,73.35,-37.51,,,
,,,,,,,37.75,-9.22,,73.40,-37.42,,,
,,,,,,,37.80,-9.78,,73.45,-37.32,,,
,,,,,,,37.84,-9.37,,73.50,-37.18,,,
,,,,,,,37.88,-9.73,,73.55,-37.25,,,
,,,,,,,37.91,-9.79,,73.60,-37.18,,,
,,,,,,,37.95,-10.10,,73.65,-37.16,,,
,,,,,,,37.98,-9.55,,73.70,-37.17,,,
,,,,,,,38.01,-9.49,,73.75,-37.10,,,
,,,,,,,38.05,-9.37,,73.80,-36.84,,,
,,,,,,,38.08,-9.15,,73.85,-36.58,,,
,,,,,,,38.11,-9.46,,73.90,-36.47,,,
,,,,,,,38.15,-9.60,,73.95,-36.73,,,
,,,,,,,38.18,-9.77,,74.00,-36.92,,,
,,,,,,,38.22,-9.89,,74.05,-37.03,,,
,,,,,,,38.25,-9.63,,74.10,-37.23,,,
,,,,,,,38.28,-9.69,,74.15,-37.50,,,
,,,,,,,38.33,-8.58,,74.20,-37.76,,,
,,,,,,,38.39,-8.36,,74.25,-38.05,,,
,,,,,,,38.45,-8.67,,74.30,-38.22,,,
,,,,,,,38.50,-8.45,,74.35,-38.47,,,
,,,,,,,38.56,-8.45,,74.40,-38.80,,,
,,,,,,,38.61,-8.49,,74.45,-39.09,,,
,,,,,,,38.66,-8.43,,74.50,-39.55,,,
,,,,,,,38.72,-8.10,,74.55,-40.16,,,
,,,,,,,38.77,-8.08,,74.60,-40.58,,,
,,,,,,,38.82,-8.13,,74.65,-40.88,,,
,,,,,,,38.88,-7.93,,74.70,-41.10,,,
,,,,,,,38.93,-8.22,,74.75,-41.28,,,
,,,,,,,38.99,-8.24,,74.80,-41.44,,,
,,,,,,,39.04,-8.36,,74.85,-41.51,,,
,,,,,,,39.08,-7.96,,74.90,-41.65,,,
,,,,,,,39.13,-7.76,,74.95,-41.63,,,
,,,,,,,39.17,-8.39,,75.00,-41.86,,,
,,,,,,,39.21,-7.98,,,,,,
,,,,,,,39.25,-7.97,,,,,,
,,,,,,,39.30,-7.99,,,,,,
,,,,,,,39.34,-7.98,,,,,,
,,,,,,,39.38,-7.82,,,,,,
,,,,,,,39.42,-7.94,,,,,,
,,,,,,,39.47,-7.69,,,,,,
,,,,,,,39.51,-7.46,,,,,,
,,,,,,,39.55,-7.59,,,,,,
,,,,,,,39.59,-7.51,,,,,,
,,,,,,,39.64,-8.12,,,,,,
,,,,,,,39.68,-8.50,,,,,,
,,,,,,,39.72,-8.53,,,,,,
,,,,,,,39.77,-8.49,,,,,,
,,,,,,,39.81,-8.33,,,,,,
,,,,,,,39.85,-8.39,,,,,,
,,,,,,,39.90,-8.35,,,,,,
,,,,,,,39.94,-8.60,,,,,,
,,,,,,,39.97,-9.49,,,,,,
,,,,,,,40.01,-9.97,,,,,,
,,,,,,,40.05,-9.63,,,,,,
,,,,,,,40.08,-9.78,,,,,,
,,,,,,,40.12,-9.67,,,,,,
,,,,,,,40.15,-9.76,,,,,,
,,,,,,,40.18,-9.58,,,,,,
,,,,,,,40.22,-9.40,,,,,,
,,,,,,,40.25,-9.50,,,,,,
,,,,,,,40.29,-9.11,,,,,,
,,,,,,,40.33,-8.86,,,,,,
,,,,,,,40.36,-9.01,,,,,,
,,,,,,,40.39,-9.18,,,,,,
,,,,,,,40.44,-8.77,,,,,,
,,,,,,,40.48,-8.74,,,,,,
,,,,,,,40.51,-9.03,,,,,,
,,,,,,,40.56,-9.14,,,,,,
,,,,,,,40.59,-9.19,,,,,,
,,,,,,,40.63,-8.94,,,,,,
,,,,,,,40.68,-9.03,,,,,,
,,,,,,,40.72,-9.28,,,,,,
,,,,,,,40.76,-8.97,,,,,,
,,,,,,,40.81,-9.03,,,,,,
,,,,,,,40.84,-9.03,,,,,,
,,,,,,,40.88,-9.30,,,,,,
,,,,,,,40.93,-9.24,,,,,,
,,,,,,,40.97,-9.41,,,,,,
,,,,,,,41.00,-9.71,,,,,,
,,,,,,,41.05,-9.66,,,,,,
,,,,,,,41.09,-9.84,,,,,,
,,,,,,,41.12,-9.56,,,,,,
,,,,,,,41.17,-9.22,,,,,,
,,,,,,,41.21,-9.24,,,,,,
,,,,,,,41.25,-9.49,,,,,,
,,,,,,,41.30,-9.38,,,,,,
,,,,,,,41.34,-9.41,,,,,,
,,,,,,,41.38,-9.84,,,,,,
,,,,,,,41.43,-10.02,,,,,,
,,,,,,,41.46,-9.62,,,,,,
,,,,,,,41.50,-9.34,,,,,,
,,,,,,,41.55,-9.60,,,,,,
,,,,,,,41.58,-9.61,,,,,,
,,,,,,,41.61,-9.52,,,,,,
,,,,,,,41.66,-9.23,,,,,,
,,,,,,,41.69,-8.79,,,,,,
,,,,,,,41.73,-8.98,,,,,,
,,,,,,,41.77,-8.35,,,,,,
,,,,,,,41.80,-8.95,,,,,,
,,,,,,,41.84,-8.95,,,,,,
,,,,,,,41.88,-8.29,,,,,,
,,,,,,,41.92,-8.20,,,,,,
,,,,,,,41.95,-8.37,,,,,,
,,,,,,,41.99,-8.51,,,,,,
,,,,,,,42.03,-8.54,,,,,,
,,,,,,,42.06,-8.40,,,,,,
,,,,,,,42.10,-8.28,,,,,,
,,,,,,,42.13,-8.31,,,,,,
,,,,,,,42.20,-8.98,,,,,,
,,,,,,,42.28,-8.92,,,,,,
,,,,,,,42.35,-8.94,,,,,,
,,,,,,,42.43,-9.14,,,,,,
,,,,,,,42.52,-10.12,,,,,,
,,,,,,,42.63,-9.41,,,,,,
,,,,,,,42.66,-9.87,,,,,,
,,,,,,,42.70,-9.63,,,,,,
,,,,,,,42.74,-9.11,,,,,,
,,,,,,,42.78,-9.17,,,,,,
,,,,,,,42.81,-9.55,,,,,,
,,,,,,,42.85,-9.98,,,,,,
,,,,,,,42.89,-9.89,,,,,,
,,,,,,,42.92,-9.60,,,,,,
,,,,,,,42.96,-10.46,,,,,,
,,,,,,,43.02,-9.80,,,,,,
,,,,,,,43.09,-8.85,,,,,,
,,,,,,,43.15,-9.75,,,,,,
,,,,,,,43.22,-9.31,,,,,,
,,,,,,,43.28,-9.57,,,,,,
,,,,,,,43.34,-10.07,,,,,,
,,,,,,,43.40,-9.36,,,,,,
,,,,,,,43.46,-9.74,,,,,,
,,,,,,,43.52,-8.85,,,,,,
,,,,,,,43.58,-9.49,,,,,,
,,,,,,,43.65,-8.62,,,,,,
,,,,,,,43.72,-8.40,,,,,,
,,,,,,,43.79,-8.35,,,,,,
,,,,,,,43.86,-8.42,,,,,,
,,,,,,,43.92,-8.33,,,,,,
,,,,,,,43.98,-8.68,,,,,,
,,,,,,,44.05,-8.23,,,,,,
,,,,,,,44.12,-8.62,,,,,,
,,,,,,,44.21,-8.46,,,,,,
,,,,,,,44.28,-8.55,,,,,,
,,,,,,,44.33,-9.16,,,,,,
,,,,,,,44.37,-8.87,,,,,,
,,,,,,,44.42,-8.58,,,,,,
,,,,,,,44.46,-8.92,,,,,,
,,,,,,,44.51,-8.98,,,,,,
,,,,,,,44.56,-9.17,,,,,,
,,,,,,,44.60,-9.44,,,,,,
,,,,,,,44.64,-9.31,,,,,,
,,,,,,,44.68,-10.26,,,,,,
,,,,,,,44.76,-9.31,,,,,,
,,,,,,,44.84,-9.09,,,,,,
,,,,,,,44.91,-9.15,,,,,,
,,,,,,,44.98,-9.42,,,,,,
,,,,,,,45.05,-8.77,,,,,,
,,,,,,,45.12,-8.89,,,,,,
,,,,,,,45.19,-9.35,,,,,,
,,,,,,,45.27,-9.16,,,,,,
,,,,,,,45.35,-9.02,,,,,,
,,,,,,,45.40,-9.45,,,,,,
,,,,,,,45.45,-9.08,,,,,,
,,,,,,,45.49,-8.99,,,,,,
,,,,,,,45.54,-9.07,,,,,,
,,,,,,,45.58,-9.04,,,,,,
,,,,,,,45.63,-9.17,,,,,,
,,,,,,,45.67,-9.27,,,,,,
,,,,,,,45.71,-9.13,,,,,,
,,,,,,,45.75,-10.02,,,,,,
,,,,,,,45.78,-10.00,,,,,,
,,,,,,,45.81,-9.33,,,,,,
,,,,,,,45.84,-9.61,,,,,,
,,,,,,,45.87,-9.54,,,,,,
,,,,,,,45.89,-10.05,,,,,,
,,,,,,,45.92,-10.31,,,,,,
,,,,,,,45.95,-10.24,,,,,,
,,,,,,,45.98,-9.71,,,,,,
,,,,,,,46.00,-10.18,,,,,,
,,,,,,,46.03,-10.31,,,,,,
,,,,,,,46.05,-10.26,,,,,,
,,,,,,,46.08,-9.58,,,,,,
,,,,,,,46.11,-9.53,,,,,,
,,,,,,,46.13,-9.81,,,,,,
,,,,,,,46.15,-9.96,,,,,,
,,,,,,,46.18,-9.94,,,,,,
,,,,,,,46.20,-10.15,,,,,,
,,,,,,,46.22,-9.95,,,,,,
,,,,,,,46.25,-9.90,,,,,,
,,,,,,,46.28,-9.70,,,,,,
,,,,,,,46.32,-9.69,,,,,,
,,,,,,,46.37,-9.92,,,,,,
,,,,,,,46.42,-9.92,,,,,,
,,,,,,,46.47,-9.84,,,,,,
,,,,,,,46.51,-11.02,,,,,,
,,,,,,,46.56,-9.50,,,,,,
,,,,,,,46.61,-9.45,,,,,,
,,,,,,,46.66,-9.70,,,,,,
,,,,,,,46.71,-9.76,,,,,,
,,,,,,,46.76,-9.94,,,,,,
,,,,,,,46.81,-9.36,,,,,,
,,,,,,,46.85,-9.45,,,,,,
,,,,,,,46.89,-9.48,,,,,,
,,,,,,,46.93,-9.51,,,,,,
,,,,,,,46.97,-9.64,,,,,,
,,,,,,,47.02,-9.61,,,,,,
,,,,,,,47.06,-9.66,,,,,,
,,,,,,,47.11,-9.66,,,,,,
,,,,,,,47.15,-9.32,,,,,,
,,,,,,,47.19,-9.61,,,,,,
,,,,,,,47.23,-9.92,,,,,,
,,,,,,,47.27,-8.45,,,,,,
,,,,,,,47.31,-8.35,,,,,,
,,,,,,,47.47,-8.04,,,,,,
,,,,,,,47.61,-8.46,,,,,,
,,,,,,,47.73,-8.26,,,,,,
,,,,,,,47.86,-8.24,,,,,,
,,,,,,,47.99,-8.22,,,,,,
,,,,,,,48.08,-7.62,,,,,,
,,,,,,,48.15,-8.31,,,,,,
,,,,,,,48.24,-7.96,,,,,,
,,,,,,,48.33,-8.60,,,,,,
,,,,,,,48.41,-8.71,,,,,,
,,,,,,,48.53,-8.81,,,,,,
,,,,,,,48.62,-9.06,,,,,,
,,,,,,,48.65,-9.28,,,,,,
,,,,,,,48.67,-9.15,,,,,,
,,,,,,,48.72,-9.26,,,,,,
,,,,,,,48.75,-8.99,,,,,,
,,,,,,,48.79,-9.02,,,,,,
,,,,,,,48.82,-9.01,,,,,,
,,,,,,,48.84,-8.78,,,,,,
,,,,,,,48.85,-8.76,,,,,,
,,,,,,,48.87,-9.22,,,,,,
,,,,,,,48.89,-9.22,,,,,,
,,,,,,,48.91,-9.23,,,,,,
,,,,,,,48.93,-9.20,,,,,,
,,,,,,,48.94,-9.31,,,,,,
,,,,,,,48.96,-9.46,,,,,,
,,,,,,,48.98,-9.57,,,,,,
,,,,,,,48.99,-9.66,,,,,,
,,,,,,,49.01,-9.70,,,,,,
,,,,,,,49.04,-9.91,,,,,,
,,,,,,,49.07,-9.51,,,,,,
,,,,,,,49.10,-9.39,,,,,,
,,,,,,,49.14,-9.51,,,,,,
,,,,,,,49.17,-9.43,,,,,,
,,,,,,,49.20,-9.74,,,,,,
,,,,,,,49.23,-9.45,,,,,,
,,,,,,,49.26,-10.06,,,,,,
,,,,,,,49.29,-10.38,,,,,,
,,,,,,,49.33,-10.51,,,,,,
,,,,,,,49.36,-10.38,,,,,,
,,,,,,,49.39,-10.29,,,,,,
,,,,,,,49.43,-10.31,,,,,,
,,,,,,,49.46,-10.78,,,,,,
,,,,,,,49.49,-10.72,,,,,,
,,,,,,,49.52,-10.65,,,,,,
,,,,,,,49.55,-9.78,,,,,,
,,,,,,,49.58,-9.56,,,,,,
,,,,,,,49.61,-9.80,,,,,,
,,,,,,,49.64,-9.37,,,,,,
,,,,,,,49.66,-9.25,,,,,,
,,,,,,,49.69,-9.22,,,,,,
,,,,,,,49.72,-8.91,,,,,,
,,,,,,,49.74,-8.89,,,,,,
,,,,,,,49.78,-8.92,,,,,,
,,,,,,,49.80,-8.96,,,,,,
,,,,,,,49.82,-9.14,,,,,,
,,,,,,,49.86,-9.17,,,,,,
,,,,,,,49.88,-9.47,,,,,,
,,,,,,,49.91,-9.53,,,,,,
,,,,,,,49.94,-9.51,,,,,,
,,,,,,,49.97,-9.61,,,,,,
,,,,,,,49.99,-9.49,,,,,,
,,,,,,,50.02,-9.44,,,,,,
,,,,,,,50.05,-9.39,,,,,,
,,,,,,,50.07,-9.49,,,,,,
,,,,,,,50.11,-9.48,,,,,,
,,,,,,,50.13,-9.76,,,,,,
,,,,,,,50.16,-9.54,,,,,,
,,,,,,,50.19,-9.63,,,,,,
,,,,,,,50.21,-9.50,,,,,,
,,,,,,,50.24,-9.09,,,,,,
,,,,,,,50.27,-9.13,,,,,,
,,,,,,,50.30,-9.75,,,,,,
,,,,,,,50.32,-9.07,,,,,,
,,,,,,,50.35,-9.28,,,,,,
,,,,,,,50.38,-9.08,,,,,,
,,,,,,,50.41,-9.05,,,,,,
,,,,,,,50.44,-9.24,,,,,,
,,,,,,,50.47,-9.03,,,,,,
,,,,,,,50.49,-8.74,,,,,,
,,,,,,,50.53,-8.76,,,,,,
,,,,,,,50.56,-9.48,,,,,,
,,,,,,,50.59,-9.71,,,,,,
,,,,,,,50.63,-9.44,,,,,,
,,,,,,,50.67,-9.84,,,,,,
,,,,,,,50.73,-9.82,,,,,,
,,,,,,,50.78,-9.32,,,,,,
,,,,,,,50.84,-9.29,,,,,,
,,,,,,,50.89,-9.47,,,,,,
,,,,,,,50.94,-9.53,,,,,,
,,,,,,,50.98,-9.75,,,,,,
,,,,,,,51.04,-9.67,,,,,,
,,,,,,,51.08,-9.55,,,,,,
,,,,,,,51.13,-9.63,,,,,,
,,,,,,,51.18,-9.74,,,,,,
,,,,,,,51.23,-9.95,,,,,,
,,,,,,,51.27,-9.38,,,,,,
,,,,,,,51.33,-9.32,,,,,,
,,,,,,,51.38,-9.74,,,,,,
,,,,,,,51.43,-9.62,,,,,,
,,,,,,,51.47,-9.68,,,,,,
,,,,,,,51.53,-9.81,,,,,,
,,,,,,,51.58,-9.58,,,,,,
,,,,,,,51.62,-9.55,,,,,,
,,,,,,,51.67,-9.80,,,,,,
,,,,,,,51.73,-9.81,,,,,,
,,,,,,,51.77,-9.94,,,,,,
,,,,,,,51.82,-9.81,,,,,,
,,,,,,,51.87,-9.71,,,,,,
,,,,,,,51.92,-9.71,,,,,,
,,,,,,,51.97,-10.00,,,,,,
,,,,,,,52.03,-9.95,,,,,,
,,,,,,,52.07,-9.86,,,,,,
,,,,,,,52.11,-9.80,,,,,,
,,,,,,,52.16,-9.82,,,,,,
,,,,,,,52.21,-9.72,,,,,,
,,,,,,,52.27,-9.96,,,,,,
,,,,,,,52.32,-9.96,,,,,,
,,,,,,,52.36,-9.98,,,,,,
,,,,,,,52.42,-9.78,,,,,,
,,,,,,,52.47,-10.08,,,,,,
,,,,,,,52.52,-9.85,,,,,,
,,,,,,,52.56,-9.96,,,,,,
,,,,,,,52.62,-9.97,,,,,,
,,,,,,,52.67,-10.24,,,,,,
,,,,,,,52.72,-10.36,,,,,,
,,,,,,,52.78,-9.93,,,,,,
,,,,,,,52.83,-9.90,,,,,,
,,,,,,,52.90,-10.28,,,,,,
,,,,,,,52.96,-10.29,,,,,,
,,,,,,,53.03,-10.11,,,,,,
,,,,,,,53.09,-10.17,,,,,,
,,,,,,,53.14,-9.83,,,,,,
,,,,,,,53.20,-9.84,,,,,,
,,,,,,,53.26,-9.99,,,,,,
,,,,,,,53.32,-10.07,,,,,,
,,,,,,,53.37,-9.67,,,,,,
,,,,,,,53.43,-9.78,,,,,,
,,,,,,,53.48,-10.17,,,,,,
,,,,,,,53.55,-10.11,,,,,,
,,,,,,,53.60,-9.86,,,,,,
,,,,,,,53.67,-9.83,,,,,,
,,,,,,,53.72,-9.88,,,,,,
,,,,,,,53.77,-9.71,,,,,,
,,,,,,,53.83,-9.68,,,,,,
,,,,,,,53.89,-9.29,,,,,,
,,,,,,,53.94,-9.79,,,,,,
,,,,,,,54.01,-9.64,,,,,,
,,,,,,,54.05,-9.68,,,,,,
,,,,,,,54.12,-9.68,,,,,,
,,,,,,,54.18,-9.49,,,,,,
,,,,,,,54.23,-9.56,,,,,,
,,,,,,,54.28,-9.30,,,,,,
,,,,,,,54.34,-9.22,,,,,,
,,,,,,,54.40,-9.13,,,,,,
,,,,,,,54.46,-9.19,,,,,,
,,,,,,,54.51,-9.10,,,,,,
,,,,,,,54.58,-9.06,,,,,,
,,,,,,,54.63,-8.98,,,,,,
,,,,,,,54.68,-8.67,,,,,,
,,,,,,,54.75,-8.95,,,,,,
,,,,,,,54.80,-8.55,,,,,,
,,,,,,,54.85,-8.69,,,,,,
,,,,,,,54.92,-8.64,,,,,,
,,,,,,,54.97,-8.41,,,,,,
,,,,,,,55.03,-8.57,,,,,,
,,,,,,,55.08,-8.61,,,,,,
,,,,,,,55.13,-8.48,,,,,,
,,,,,,,55.20,-8.99,,,,,,
,,,,,,,55.26,-9.27,,,,,,
,,,,,,,55.31,-9.97,,,,,,
,,,,,,,55.37,-10.16,,,,,,
,,,,,,,55.42,-9.62,,,,,,
,,,,,,,55.48,-9.64,,,,,,
,,,,,,,55.54,-10.11,,,,,,
,,,,,,,55.60,-10.08,,,,,,
,,,,,,,55.65,-9.36,,,,,,
,,,,,,,55.72,-9.52,,,,,,
,,,,,,,55.77,-9.27,,,,,,
,,,,,,,55.83,-9.21,,,,,,
,,,,,,,55.89,-8.67,,,,,,
,,,,,,,55.94,-8.67,,,,,,
,,,,,,,56.00,-9.04,,,,,,
,,,,,,,56.05,-9.12,,,,,,
,,,,,,,56.12,-9.12,,,,,,
,,,,,,,56.17,-9.11,,,,,,
,,,,,,,56.23,-9.57,,,,,,
,,,,,,,56.29,-9.47,,,,,,
,,,,,,,56.35,-9.89,,,,,,
,,,,,,,56.40,-9.95,,,,,,
,,,,,,,56.46,-9.54,,,,,,
,,,,,,,56.53,-10.02,,,,,,
,,,,,,,56.60,-9.93,,,,,,
,,,,,,,56.66,-10.21,,,,,,
,,,,,,,56.70,-9.98,,,,,,
,,,,,,,56.75,-9.91,,,,,,
,,,,,,,56.79,-9.84,,,,,,
,,,,,,,56.83,-9.96,,,,,,
,,,,,,,56.86,-9.58,,,,,,
,,,,,,,56.90,-9.60,,,,,,
,,,,,,,56.94,-10.00,,,,,,
,,,,,,,56.98,-9.88,,,,,,
,,,,,,,57.02,-9.69,,,,,,
,,,,,,,57.05,-10.05,,,,,,
,,,,,,,57.09,-10.13,,,,,,
,,,,,,,57.13,-10.10,,,,,,
,,,,,,,57.16,-10.04,,,,,,
,,,,,,,57.19,-10.02,,,,,,
,,,,,,,57.22,-10.04,,,,,,
,,,,,,,57.24,-10.13,,,,,,
,,,,,,,57.27,-10.08,,,,,,
,,,,,,,57.30,-10.33,,,,,,
,,,,,,,57.32,-10.13,,,,,,
,,,,,,,57.35,-10.07,,,,,,
,,,,,,,57.38,-9.82,,,,,,
,,,,,,,57.41,-10.05,,,,,,
,,,,,,,57.43,-10.06,,,,,,
,,,,,,,57.46,-10.14,,,,,,
,,,,,,,57.49,-10.43,,,,,,
,,,,,,,57.52,-10.46,,,,,,
,,,,,,,57.55,-9.83,,,,,,
,,,,,,,57.57,-10.07,,,,,,
,,,,,,,57.59,-9.86,,,,,,
,,,,,,,57.63,-9.89,,,,,,
,,,,,,,57.65,-9.83,,,,,,
,,,,,,,57.67,-9.88,,,,,,
,,,,,,,57.71,-9.95,,,,,,
,,,,,,,57.73,-9.92,,,,,,
,,,,,,,57.76,-9.86,,,,,,
,,,,,,,57.79,-9.84,,,,,,
,,,,,,,57.81,-9.97,,,,,,
,,,,,,,57.84,-10.17,,,,,,
,,,,,,,57.87,-10.65,,,,,,
,,,,,,,57.90,-10.02,,,,,,
,,,,,,,57.92,-10.10,,,,,,
,,,,,,,57.95,-9.98,,,,,,
,,,,,,,57.98,-9.94,,,,,,
,,,,,,,58.00,-9.98,,,,,,
,,,,,,,58.03,-10.00,,,,,,
,,,,,,,58.06,-9.97,,,,,,
,,,,,,,58.08,-9.88,,,,,,
,,,,,,,58.12,-9.87,,,,,,
,,,,,,,58.14,-9.88,,,,,,
,,,,,,,58.17,-9.84,,,,,,
,,,,,,,58.20,-9.95,,,,,,
,,,,,,,58.22,-9.60,,,,,,
,,,,,,,58.25,-9.44,,,,,,
,,,,,,,58.28,-9.31,,,,,,
,,,,,,,58.31,-9.13,,,,,,
,,,,,,,58.33,-9.06,,,,,,
,,,,,,,58.37,-9.05,,,,,,
,,,,,,,58.39,-9.59,,,,,,
,,,,,,,58.42,-9.71,,,,,,
,,,,,,,58.45,-9.64,,,,,,
,,,,,,,58.48,-10.22,,,,,,
,,,,,,,58.51,-9.60,,,,,,
,,,,,,,58.54,-9.56,,,,,,
,,,,,,,58.57,-8.78,,,,,,
,,,,,,,58.60,-8.79,,,,,,
,,,,,,,58.64,-8.80,,,,,,
,,,,,,,58.68,-8.77,,,,,,
,,,,,,,58.71,-8.79,,,,,,
,,,,,,,58.75,-8.74,,,,,,
,,,,,,,58.78,-9.14,,,,,,
,,,,,,,58.81,-9.49,,,,,,
,,,,,,,58.85,-9.54,,,,,,
,,,,,,,58.88,-9.48,,,,,,
,,,,,,,58.91,-9.34,,,,,,
,,,,,,,58.95,-9.52,,,,,,
,,,,,,,58.98,-9.54,,,,,,
,,,,,,,59.01,-9.47,,,,,,
,,,,,,,59.05,-9.52,,,,,,
,,,,,,,59.07,-9.58,,,,,,
,,,,,,,59.10,-9.38,,,,,,
,,,,,,,59.14,-9.35,,,,,,
,,,,,,,59.17,-9.75,,,,,,
,,,,,,,59.20,-9.62,,,,,,
,,,,,,,59.24,-9.63,,,,,,
,,,,,,,59.27,-9.72,,,,,,
,,,,,,,59.30,-9.81,,,,,,
,,,,,,,59.34,-9.73,,,,,,
,,,,,,,59.36,-9.32,,,,,,
,,,,,,,59.39,-8.76,,,,,,
,,,,,,,59.43,-8.79,,,,,,
,,,,,,,59.46,-9.40,,,,,,
,,,,,,,59.49,-9.35,,,,,,
,,,,,,,59.53,-9.33,,,,,,
,,,,,,,59.56,-9.21,,,,,,
,,,,,,,59.59,-9.23,,,,,,
,,,,,,,59.63,-9.42,,,,,,
,,,,,,,59.66,-10.02,,,,,,
,,,,,,,59.69,-10.08,,,,,,
,,,,,,,59.74,-9.79,,,,,,
,,,,,,,59.77,-9.24,,,,,,
,,,,,,,59.80,-8.52,,,,,,
,,,,,,,59.83,-8.39,,,,,,
,,,,,,,59.86,-8.23,,,,,,
,,,,,,,59.89,-8.35,,,,,,
,,,,,,,59.92,-8.40,,,,,,
,,,,,,,59.95,-8.51,,,,,,
,,,,,,,59.98,-8.26,,,,,,
,,,,,,,60.01,-8.34,,,,,,
,,,,,,,60.04,-8.15,,,,,,
,,,,,,,60.07,-8.41,,,,,,
,,,,,,,60.10,-8.32,,,,,,
,,,,,,,60.13,-8.14,,,,,,
,,,,,,,60.16,-8.19,,,,,,
,,,,,,,60.26,-8.15,,,,,,
,,,,,,,60.37,-8.07,,,,,,
,,,,,,,60.48,-8.24,,,,,,
,,,,,,,60.62,-8.29,,,,,,
,,,,,,,60.71,-8.21,,,,,,
,,,,,,,60.80,-8.23,,,,,,
,,,,,,,60.92,-8.19,,,,,,
,,,,,,,61.01,-8.12,,,,,,
,,,,,,,61.10,-8.10,,,,,,
,,,,,,,61.22,-8.19,,,,,,
,,,,,,,61.31,-8.44,,,,,,
,,,,,,,61.39,-8.41,,,,,,
,,,,,,,61.50,-8.41,,,,,,
,,,,,,,61.58,-7.93,,,,,,
,,,,,,,61.68,-7.86,,,,,,
,,,,,,,61.80,-7.97,,,,,,
,,,,,,,61.88,-8.09,,,,,,
,,,,,,,61.96,-8.02,,,,,,
,,,,,,,62.07,-8.15,,,,,,
,,,,,,,62.17,-7.93,,,,,,
,,,,,,,62.26,-8.21,,,,,,
,,,,,,,62.38,-8.33,,,,,,
,,,,,,,62.47,-8.49,,,,,,
,,,,,,,62.55,-8.36,,,,,,
,,,,,,,62.66,-8.42,,,,,,
,,,,,,,62.74,-8.42,,,,,,
,,,,,,,62.84,-8.48,,,,,,
,,,,,,,62.96,-8.47,,,,,,
,,,,,,,63.04,-8.48,,,,,,
,,,,,,,63.13,-8.51,,,,,,
,,,,,,,63.24,-8.56,,,,,,
,,,,,,,63.33,-8.27,,,,,,
,,,,,,,63.42,-8.41,,,,,,
,,,,,,,63.54,-8.25,,,,,,
,,,,,,,63.63,-8.42,,,,,,
,,,,,,,63.72,-8.54,,,,,,
,,,,,,,63.84,-8.62,,,,,,
,,,,,,,63.92,-8.36,,,,,,
,,,,,,,64.02,-8.39,,,,,,
,,,,,,,64.14,-8.46,,,,,,
,,,,,,,64.21,-8.44,,,,,,
,,,,,,,64.30,-8.55,,,,,,
,,,,,,,64.42,-9.05,,,,,,
,,,,,,,64.52,-8.62,,,,,,
,,,,,,,64.60,-8.66,,,,,,
,,,,,,,64.72,-8.42,,,,,,
,,,,,,,64.82,-8.93,,,,,,
,,,,,,,64.93,-8.75,,,,,,
,,,,,,,65.08,-9.16,,,,,,
,,,,,,,65.19,-8.82,,,,,,
,,,,,,,65.23,-8.70,,,,,,
,,,,,,,65.29,-8.88,,,,,,
,,,,,,,65.33,-8.64,,,,,,
,,,,,,,65.37,-8.75,,,,,,
,,,,,,,65.42,-8.67,,,,,,
,,,,,,,65.46,-8.55,,,,,,
,,,,,,,65.50,-8.32,,,,,,
,,,,,,,65.56,-8.17,,,,,,
,,,,,,,65.60,-8.34,,,,,,
,,,,,,,65.64,-8.38,,,,,,
,,,,,,,65.69,-8.12,,,,,,
,,,,,,,65.73,-8.18,,,,,,
,,,,,,,65.78,-8.24,,,,,,
,,,,,,,65.84,-8.50,,,,,,
,,,,,,,65.88,-7.81,,,,,,
,,,,,,,65.92,-7.78,,,,,,
,,,,,,,66.03,-7.77,,,,,,
,,,,,,,66.16,-8.32,,,,,,
,,,,,,,66.27,-8.23,,,,,,
,,,,,,,66.41,-8.34,,,,,,
,,,,,,,66.50,-8.33,,,,,,
,,,,,,,66.59,-8.49,,,,,,
,,,,,,,66.71,-8.42,,,,,,
,,,,,,,66.80,-8.73,,,,,,
,,,,,,,66.89,-8.16,,,,,,
,,,,,,,67.01,-7.94,,,,,,
,,,,,,,67.10,-8.25,,,,,,
,,,,,,,67.19,-8.16,,,,,,
,,,,,,,67.30,-8.55,,,,,,
,,,,,,,67.39,-8.48,,,,,,
,,,,,,,67.48,-8.36,,,,,,
,,,,,,,67.61,-8.55,,,,,,
,,,,,,,67.70,-8.44,,,,,,
,,,,,,,67.79,-8.20,,,,,,
,,,,,,,67.90,-7.83,,,,,,
,,,,,,,67.99,-7.97,,,,,,
,,,,,,,68.08,-8.06,,,,,,
,,,,,,,68.21,-7.86,,,,,,
,,,,,,,68.30,-8.00,,,,,,
,,,,,,,68.39,-8.05,,,,,,
,,,,,,,68.51,-8.30,,,,,,
,,,,,,,68.61,-7.99,,,,,,
,,,,,,,68.70,-9.10,,,,,,
,,,,,,,68.84,-9.08,,,,,,
,,,,,,,68.96,-9.10,,,,,,
,,,,,,,69.06,-8.89,,,,,,
,,,,,,,69.16,-8.62,,,,,,
,,,,,,,69.20,-8.17,,,,,,
,,,,,,,69.25,-7.81,,,,,,
,,,,,,,69.31,-7.40,,,,,,
,,,,,,,69.35,-7.08,,,,,,
,,,,,,,69.40,-7.87,,,,,,
,,,,,,,69.46,-7.94,,,,,,
,,,,,,,69.50,-8.12,,,,,,
,,,,,,,69.55,-8.08,,,,,,
,,,,,,,69.60,-8.72,,,,,,
,,,,,,,69.64,-8.50,,,,,,
,,,,,,,69.69,-9.01,,,,,,
,,,,,,,69.76,-8.43,,,,,,
,,,,,,,69.80,-8.84,,,,,,
,,,,,,,69.84,-8.29,,,,,,
,,,,,,,69.90,-8.92,,,,,,
,,,,,,,69.94,-8.70,,,,,,
,,,,,,,69.99,-8.79,,,,,,
,,,,,,,70.04,-8.58,,,,,,
,,,,,,,70.08,-8.35,,,,,,
,,,,,,,70.13,-8.66,,,,,,
,,,,,,,70.18,-9.07,,,,,,
,,,,,,,70.22,-9.31,,,,,,
,,,,,,,70.27,-9.50,,,,,,
,,,,,,,70.33,-9.48,,,,,,
,,,,,,,70.37,-8.92,,,,,,
,,,,,,,70.42,-9.17,,,,,,
,,,,,,,70.47,-8.96,,,,,,
,,,,,,,70.51,-9.33,,,,,,
,,,,,,,70.55,-9.41,,,,,,
,,,,,,,70.61,-9.55,,,,,,
,,,,,,,70.66,-9.30,,,,,,
,,,,,,,70.70,-9.63,,,,,,
,,,,,,,70.75,-9.06,,,,,,
,,,,,,,70.79,-9.53,,,,,,
,,,,,,,70.84,-9.15,,,,,,
,,,,,,,70.90,-9.54,,,,,,
,,,,,,,70.93,-9.55,,,,,,
,,,,,,,70.98,-10.30,,,,,,
,,,,,,,71.04,-9.73,,,,,,
,,,,,,,71.09,-9.20,,,,,,
,,,,,,,71.13,-9.25,,,,,,
,,,,,,,71.18,-9.22,,,,,,
,,,,,,,71.22,-9.49,,,,,,
,,,,,,,71.27,-8.93,,,,,,
,,,,,,,71.33,-9.46,,,,,,
,,,,,,,71.37,-9.21,,,,,,
,,,,,,,71.41,-9.51,,,,,,
,,,,,,,71.47,-9.29,,,,,,
,,,,,,,71.52,-8.89,,,,,,
,,,,,,,71.56,-8.56,,,,,,
,,,,,,,71.62,-9.36,,,,,,
,,,,,,,71.67,-8.98,,,,,,
,,,,,,,71.72,-9.22,,,,,,
,,,,,,,71.79,-9.21,,,,,,
,,,,,,,71.84,-9.34,,,,,,
,,,,,,,71.87,-9.11,,,,,,
,,,,,,,71.91,-9.89,,,,,,
,,,,,,,71.94,-9.86,,,,,,
,,,,,,,71.97,-9.87,,,,,,
,,,,,,,72.00,-9.35,,,,,,
,,,,,,,72.03,-9.58,,,,,,
,,,,,,,72.06,-9.34,,,,,,
,,,,,,,72.09,-9.44,,,,,,
,,,,,,,72.12,-9.14,,,,,,
,,,,,,,72.15,-9.20,,,,,,
,,,,,,,72.18,-8.90,,,,,,
,,,,,,,72.21,-9.30,,,,,,
,,,,,,,72.24,-9.39,,,,,,
,,,,,,,72.27,-8.96,,,,,,
,,,,,,,72.30,-7.79,,,,,,
,,,,,,,72.33,-7.94,,,,,,
,,,,,,,72.37,-7.17,,,,,,
,,,,,,,72.39,-8.07,,,,,,
,,,,,,,72.42,-8.23,,,,,,
,,,,,,,72.45,-7.92,,,,,,
,,,,,,,72.48,-7.97,,,,,,
,,,,,,,72.51,-7.46,,,,,,
,,,,,,,72.54,-7.49,,,,,,
,,,,,,,72.57,-7.73,,,,,,
,,,,,,,72.60,-7.70,,,,,,
,,,,,,,72.64,-7.44,,,,,,
,,,,,,,72.66,-7.29,,,,,,
,,,,,,,72.69,-7.30,,,,,,
,,,,,,,72.73,-7.26,,,,,,
,,,,,,,72.76,-7.34,,,,,,
,,,,,,,72.79,-7.14,,,,,,
,,,,,,,72.83,-7.32,,,,,,
,,,,,,,72.85,-7.00,,,,,,
,,,,,,,72.88,-7.31,,,,,,
,,,,,,,72.90,-6.93,,,,,,
,,,,,,,72.92,-7.54,,,,,,
,,,,,,,72.95,-7.24,,,,,,
,,,,,,,72.97,-7.44,,,,,,
,,,,,,,73.00,-7.20,,,,,,
,,,,,,,73.02,-7.41,,,,,,
,,,,,,,73.05,-7.07,,,,,,
,,,,,,,73.07,-6.96,,,,,,
,,,,,,,73.09,-7.01,,,,,,
,,,,,,,73.11,-6.86,,,,,,
,,,,,,,73.14,-6.69,,,,,,
,,,,,,,73.16,-6.61,,,,,,
,,,,,,,73.18,-6.75,,,,,,
,,,,,,,73.20,-6.72,,,,,,
,,,,,,,73.22,-7.01,,,,,,
,,,,,,,73.25,-7.66,,,,,,
,,,,,,,73.27,-7.98,,,,,,
,,,,,,,73.29,-7.70,,,,,,
,,,,,,,73.32,-8.32,,,,,,
,,,,,,,73.34,-8.44,,,,,,
,,,,,,,73.36,-8.70,,,,,,
,,,,,,,73.39,-8.70,,,,,,
,,,,,,,73.41,-9.47,,,,,,
,,,,,,,73.43,-9.33,,,,,,
,,,,,,,73.46,-9.09,,,,,,
,,,,,,,73.48,-9.10,,,,,,
,,,,,,,73.50,-8.62,,,,,,
,,,,,,,73.52,-9.02,,,,,,
,,,,,,,73.54,-8.76,,,,,,
,,,,,,,73.56,-8.80,,,,,,
,,,,,,,73.59,-9.19,,,,,,
,,,,,,,73.62,-8.73,,,,,,
,,,,,,,73.64,-9.07,,,,,,
,,,,,,,73.67,-8.72,,,,,,
,,,,,,,73.69,-9.14,,,,,,
,,,,,,,73.71,-9.15,,,,,,
,,,,,,,73.74,-9.18,,,,,,
,,,,,,,73.76,-8.49,,,,,,
,,,,,,,73.78,-8.52,,,,,,
,,,,,,,73.82,-8.62,,,,,,
,,,,,,,73.84,-8.77,,,,,,
,,,,,,,73.86,-8.78,,,,,,
,,,,,,,73.89,-8.52,,,,,,
,,,,,,,73.92,-8.80,,,,,,
,,,,,,,73.94,-8.77,,,,,,
,,,,,,,73.97,-8.65,,,,,,
,,,,,,,73.99,-8.83,,,,,,
,,,,,,,74.02,-8.57,,,,,,
,,,,,,,74.05,-8.51,,,,,,
,,,,,,,74.07,-8.71,,,,,,
,,,,,,,74.09,-8.93,,,,,,
,,,,,,,74.12,-9.02,,,,,,
,,,,,,,74.14,-9.02,,,,,,
,,,,,,,74.17,-9.05,,,,,,
,,,,,,,74.19,-8.97,,,,,,
,,,,,,,74.22,-9.25,,,,,,
,,,,,,,74.24,-8.99,,,,,,
,,,,,,,74.27,-9.30,,,,,,
,,,,,,,74.29,-9.36,,,,,,
,,,,,,,74.32,-9.35,,,,,,
,,,,,,,74.36,-9.31,,,,,,
,,,,,,,74.39,-9.06,,,,,,
,,,,,,,74.42,-9.20,,,,,,
,,,,,,,74.46,-8.63,,,,,,
,,,,,,,74.49,-9.22,,,,,,
,,,,,,,74.52,-9.30,,,,,,
,,,,,,,74.56,-9.29,,,,,,
,,,,,,,74.59,-9.12,,,,,,
,,,,,,,74.62,-9.36,,,,,,
,,,,,,,74.65,-9.39,,,,,,
,,,,,,,74.68,-9.32,,,,,,
,,,,,,,74.71,-9.14,,,,,,
,,,,,,,74.75,-9.23,,,,,,
,,,,,,,74.78,-9.40,,,,,,
,,,,,,,74.81,-9.38,,,,,,
,,,,,,,74.85,-9.52,,,,,,
,,,,,,,74.88,-9.06,,,,,,
,,,,,,,74.90,-9.03,,,,,,
,,,,,,,74.94,-9.15,,,,,,
,,,,,,,74.97,-9.01,,,,,,
,,,,,,,75.00,-9.37,,,,,,
,,,,,,,75.04,-8.98,,,,,,
,,,,,,,75.06,-8.71,,,,,,
,,,,,,,75.09,-8.73,,,,,,
,,,,,,,75.13,-9.01,,,,,,
,,,,,,,75.16,-8.86,,,,,,
,,,,,,,75.19,-8.75,,,,,,
,,,,,,,75.23,-9.05,,,,,,
,,,,,,,75.26,-8.66,,,,,,
,,,,,,,75.27,-8.72,,,,,,
,,,,,,,75.29,-8.40,,,,,,
,,,,,,,75.32,-8.63,,,,,,
,,,,,,,75.34,-8.26,,,,,,
,,,,,,,75.36,-8.45,,,,,,
,,,,,,,75.39,-8.59,,,,,,
,,,,,,,75.41,-8.27,,,,,,
,,,,,,,75.44,-8.32,,,,,,
,,,,,,,75.46,-8.40,,,,,,
,,,,,,,75.48,-8.03,,,,,,
,,,,,,,75.51,-8.74,,,,,,